-- MySQL dump 10.13  Distrib 5.6.16, for Win64 (x86_64)
--
-- Host: localhost    Database: enquete
-- ------------------------------------------------------
-- Server version	5.6.16

/*!40101 SET @OLD_CHARACTER_SET_CLIENT=@@CHARACTER_SET_CLIENT */;
/*!40101 SET @OLD_CHARACTER_SET_RESULTS=@@CHARACTER_SET_RESULTS */;
/*!40101 SET @OLD_COLLATION_CONNECTION=@@COLLATION_CONNECTION */;
/*!40101 SET NAMES utf8 */;
/*!40103 SET @OLD_TIME_ZONE=@@TIME_ZONE */;
/*!40103 SET TIME_ZONE='+00:00' */;
/*!40014 SET @OLD_UNIQUE_CHECKS=@@UNIQUE_CHECKS, UNIQUE_CHECKS=0 */;
/*!40014 SET @OLD_FOREIGN_KEY_CHECKS=@@FOREIGN_KEY_CHECKS, FOREIGN_KEY_CHECKS=0 */;
/*!40101 SET @OLD_SQL_MODE=@@SQL_MODE, SQL_MODE='NO_AUTO_VALUE_ON_ZERO' */;
/*!40111 SET @OLD_SQL_NOTES=@@SQL_NOTES, SQL_NOTES=0 */;

--
-- Table structure for table `tab_desenv`
--

DROP TABLE IF EXISTS `tab_desenv`;
/*!40101 SET @saved_cs_client     = @@character_set_client */;
/*!40101 SET character_set_client = utf8 */;
CREATE TABLE `tab_desenv` (
  `nome` varchar(50) NOT NULL,
  `time` varchar(20) DEFAULT NULL,
  `senha` varchar(20) DEFAULT NULL,
  `admin` varchar(1) DEFAULT NULL,
  PRIMARY KEY (`nome`)
) ENGINE=InnoDB DEFAULT CHARSET=utf8;
/*!40101 SET character_set_client = @saved_cs_client */;

--
-- Dumping data for table `tab_desenv`
--

LOCK TABLES `tab_desenv` WRITE;
/*!40000 ALTER TABLE `tab_desenv` DISABLE KEYS */;
INSERT INTO `tab_desenv` VALUES ('Adriano','Roberto','123',NULL),('Alencar','Roberto','123','S'),('Anderson','Fernando','321',NULL),('Angelina','Produto','123',NULL),('Ariel','Fernando','123',NULL),('Carlos','Produto','123',NULL),('Catarina','Produto','123',NULL),('Cristiano','Gerência','123',NULL),('Diego','DBA','123',NULL),('Douglas','Machado','123',NULL),('Eraldo','Roberto','123',NULL),('Fabiano','Fernando','123',NULL),('Fernando','Fernando','123',NULL),('George','Roberto','123',NULL),('Hércules','Roberto','123',NULL),('Idilio','Produto','123',NULL),('Joni','Machado','123',NULL),('Lyndon','Machado','123','S'),('Machado','Machado','321','S'),('Maciel','DBA','123',NULL),('Maria','Produto','123',NULL),('Mauro','Gerência','123',NULL),('Nair','Produto','123',NULL),('Paula','Produto','123',NULL),('Renato','Machado','123',NULL),('Roberto','Roberto','123',NULL),('Stiffer','Roberto','123',NULL),('Vitorino','Machado','123',NULL),('Wilian','Machado','123',NULL);
/*!40000 ALTER TABLE `tab_desenv` ENABLE KEYS */;
UNLOCK TABLES;

--
-- Table structure for table `tab_enquete`
--

DROP TABLE IF EXISTS `tab_enquete`;
/*!40101 SET @saved_cs_client     = @@character_set_client */;
/*!40101 SET character_set_client = utf8 */;
CREATE TABLE `tab_enquete` (
  `id` int(11) NOT NULL AUTO_INCREMENT,
  `nome` varchar(100) DEFAULT NULL,
  `sit` int(11) DEFAULT NULL,
  PRIMARY KEY (`id`)
) ENGINE=InnoDB AUTO_INCREMENT=2 DEFAULT CHARSET=utf8;
/*!40101 SET character_set_client = @saved_cs_client */;

--
-- Dumping data for table `tab_enquete`
--

LOCK TABLES `tab_enquete` WRITE;
/*!40000 ALTER TABLE `tab_enquete` DISABLE KEYS */;
INSERT INTO `tab_enquete` VALUES (1,'Matrix de Conhecimento',0);
/*!40000 ALTER TABLE `tab_enquete` ENABLE KEYS */;
UNLOCK TABLES;

--
-- Table structure for table `tab_enquete_item`
--

DROP TABLE IF EXISTS `tab_enquete_item`;
/*!40101 SET @saved_cs_client     = @@character_set_client */;
/*!40101 SET character_set_client = utf8 */;
CREATE TABLE `tab_enquete_item` (
  `enquete_id` int(11) NOT NULL,
  `nome` varchar(50) NOT NULL,
  `pergunta` int(11) NOT NULL,
  `id` int(11) NOT NULL AUTO_INCREMENT,
  `resposta` int(11) DEFAULT NULL,
  `avaliado` varchar(50) DEFAULT NULL,
  PRIMARY KEY (`id`)
) ENGINE=InnoDB AUTO_INCREMENT=161186 DEFAULT CHARSET=utf8;
/*!40101 SET character_set_client = @saved_cs_client */;

--
-- Dumping data for table `tab_enquete_item`
--

LOCK TABLES `tab_enquete_item` WRITE;
/*!40000 ALTER TABLE `tab_enquete_item` DISABLE KEYS */;
INSERT INTO `tab_enquete_item` VALUES (1,'Douglas',2,148391,0,'Douglas'),(1,'Joni',2,148392,0,'Douglas'),(1,'Lyndon',2,148393,0,'Douglas'),(1,'Machado',2,148394,0,'Douglas'),(1,'Renato',2,148395,0,'Douglas'),(1,'Vitorino',2,148396,0,'Douglas'),(1,'Wilian',2,148397,0,'Douglas'),(1,'Douglas',2,148398,0,'Joni'),(1,'Joni',2,148399,0,'Joni'),(1,'Lyndon',2,148400,0,'Joni'),(1,'Machado',2,148401,0,'Joni'),(1,'Renato',2,148402,0,'Joni'),(1,'Vitorino',2,148403,0,'Joni'),(1,'Wilian',2,148404,0,'Joni'),(1,'Douglas',2,148405,0,'Lyndon'),(1,'Joni',2,148406,0,'Lyndon'),(1,'Lyndon',2,148407,0,'Lyndon'),(1,'Machado',2,148408,0,'Lyndon'),(1,'Renato',2,148409,0,'Lyndon'),(1,'Vitorino',2,148410,0,'Lyndon'),(1,'Wilian',2,148411,0,'Lyndon'),(1,'Douglas',2,148412,0,'Machado'),(1,'Joni',2,148413,0,'Machado'),(1,'Lyndon',2,148414,0,'Machado'),(1,'Machado',2,148415,0,'Machado'),(1,'Renato',2,148416,0,'Machado'),(1,'Vitorino',2,148417,0,'Machado'),(1,'Wilian',2,148418,0,'Machado'),(1,'Douglas',2,148419,0,'Renato'),(1,'Joni',2,148420,0,'Renato'),(1,'Lyndon',2,148421,0,'Renato'),(1,'Machado',2,148422,0,'Renato'),(1,'Renato',2,148423,0,'Renato'),(1,'Vitorino',2,148424,0,'Renato'),(1,'Wilian',2,148425,0,'Renato'),(1,'Douglas',2,148426,0,'Vitorino'),(1,'Joni',2,148427,0,'Vitorino'),(1,'Lyndon',2,148428,0,'Vitorino'),(1,'Machado',2,148429,0,'Vitorino'),(1,'Renato',2,148430,0,'Vitorino'),(1,'Vitorino',2,148431,0,'Vitorino'),(1,'Wilian',2,148432,0,'Vitorino'),(1,'Douglas',2,148433,0,'Wilian'),(1,'Joni',2,148434,0,'Wilian'),(1,'Lyndon',2,148435,0,'Wilian'),(1,'Machado',2,148436,0,'Wilian'),(1,'Renato',2,148437,0,'Wilian'),(1,'Vitorino',2,148438,0,'Wilian'),(1,'Wilian',2,148439,0,'Wilian'),(1,'Douglas',3,148440,0,'Douglas'),(1,'Joni',3,148441,0,'Douglas'),(1,'Lyndon',3,148442,0,'Douglas'),(1,'Machado',3,148443,0,'Douglas'),(1,'Renato',3,148444,0,'Douglas'),(1,'Vitorino',3,148445,0,'Douglas'),(1,'Wilian',3,148446,0,'Douglas'),(1,'Douglas',3,148447,0,'Joni'),(1,'Joni',3,148448,0,'Joni'),(1,'Lyndon',3,148449,0,'Joni'),(1,'Machado',3,148450,0,'Joni'),(1,'Renato',3,148451,0,'Joni'),(1,'Vitorino',3,148452,0,'Joni'),(1,'Wilian',3,148453,0,'Joni'),(1,'Douglas',3,148454,0,'Lyndon'),(1,'Joni',3,148455,0,'Lyndon'),(1,'Lyndon',3,148456,0,'Lyndon'),(1,'Machado',3,148457,0,'Lyndon'),(1,'Renato',3,148458,0,'Lyndon'),(1,'Vitorino',3,148459,0,'Lyndon'),(1,'Wilian',3,148460,0,'Lyndon'),(1,'Douglas',3,148461,0,'Machado'),(1,'Joni',3,148462,0,'Machado'),(1,'Lyndon',3,148463,0,'Machado'),(1,'Machado',3,148464,0,'Machado'),(1,'Renato',3,148465,0,'Machado'),(1,'Vitorino',3,148466,0,'Machado'),(1,'Wilian',3,148467,0,'Machado'),(1,'Douglas',3,148468,0,'Renato'),(1,'Joni',3,148469,0,'Renato'),(1,'Lyndon',3,148470,0,'Renato'),(1,'Machado',3,148471,0,'Renato'),(1,'Renato',3,148472,0,'Renato'),(1,'Vitorino',3,148473,0,'Renato'),(1,'Wilian',3,148474,0,'Renato'),(1,'Douglas',3,148475,0,'Vitorino'),(1,'Joni',3,148476,0,'Vitorino'),(1,'Lyndon',3,148477,0,'Vitorino'),(1,'Machado',3,148478,0,'Vitorino'),(1,'Renato',3,148479,0,'Vitorino'),(1,'Vitorino',3,148480,0,'Vitorino'),(1,'Wilian',3,148481,0,'Vitorino'),(1,'Douglas',3,148482,0,'Wilian'),(1,'Joni',3,148483,0,'Wilian'),(1,'Lyndon',3,148484,0,'Wilian'),(1,'Machado',3,148485,0,'Wilian'),(1,'Renato',3,148486,0,'Wilian'),(1,'Vitorino',3,148487,0,'Wilian'),(1,'Wilian',3,148488,0,'Wilian'),(1,'Douglas',4,148489,0,'Douglas'),(1,'Joni',4,148490,0,'Douglas'),(1,'Lyndon',4,148491,0,'Douglas'),(1,'Machado',4,148492,0,'Douglas'),(1,'Renato',4,148493,0,'Douglas'),(1,'Vitorino',4,148494,0,'Douglas'),(1,'Wilian',4,148495,0,'Douglas'),(1,'Douglas',4,148496,0,'Joni'),(1,'Joni',4,148497,0,'Joni'),(1,'Lyndon',4,148498,0,'Joni'),(1,'Machado',4,148499,0,'Joni'),(1,'Renato',4,148500,0,'Joni'),(1,'Vitorino',4,148501,0,'Joni'),(1,'Wilian',4,148502,0,'Joni'),(1,'Douglas',4,148503,0,'Lyndon'),(1,'Joni',4,148504,0,'Lyndon'),(1,'Lyndon',4,148505,0,'Lyndon'),(1,'Machado',4,148506,0,'Lyndon'),(1,'Renato',4,148507,0,'Lyndon'),(1,'Vitorino',4,148508,0,'Lyndon'),(1,'Wilian',4,148509,0,'Lyndon'),(1,'Douglas',4,148510,0,'Machado'),(1,'Joni',4,148511,0,'Machado'),(1,'Lyndon',4,148512,0,'Machado'),(1,'Machado',4,148513,0,'Machado'),(1,'Renato',4,148514,0,'Machado'),(1,'Vitorino',4,148515,0,'Machado'),(1,'Wilian',4,148516,0,'Machado'),(1,'Douglas',4,148517,0,'Renato'),(1,'Joni',4,148518,0,'Renato'),(1,'Lyndon',4,148519,0,'Renato'),(1,'Machado',4,148520,0,'Renato'),(1,'Renato',4,148521,0,'Renato'),(1,'Vitorino',4,148522,0,'Renato'),(1,'Wilian',4,148523,0,'Renato'),(1,'Douglas',4,148524,0,'Vitorino'),(1,'Joni',4,148525,0,'Vitorino'),(1,'Lyndon',4,148526,0,'Vitorino'),(1,'Machado',4,148527,0,'Vitorino'),(1,'Renato',4,148528,0,'Vitorino'),(1,'Vitorino',4,148529,0,'Vitorino'),(1,'Wilian',4,148530,0,'Vitorino'),(1,'Douglas',4,148531,0,'Wilian'),(1,'Joni',4,148532,0,'Wilian'),(1,'Lyndon',4,148533,0,'Wilian'),(1,'Machado',4,148534,0,'Wilian'),(1,'Renato',4,148535,0,'Wilian'),(1,'Vitorino',4,148536,0,'Wilian'),(1,'Wilian',4,148537,0,'Wilian'),(1,'Douglas',5,148538,0,'Douglas'),(1,'Joni',5,148539,0,'Douglas'),(1,'Lyndon',5,148540,0,'Douglas'),(1,'Machado',5,148541,0,'Douglas'),(1,'Renato',5,148542,0,'Douglas'),(1,'Vitorino',5,148543,0,'Douglas'),(1,'Wilian',5,148544,0,'Douglas'),(1,'Douglas',5,148545,0,'Joni'),(1,'Joni',5,148546,0,'Joni'),(1,'Lyndon',5,148547,0,'Joni'),(1,'Machado',5,148548,0,'Joni'),(1,'Renato',5,148549,0,'Joni'),(1,'Vitorino',5,148550,0,'Joni'),(1,'Wilian',5,148551,0,'Joni'),(1,'Douglas',5,148552,0,'Lyndon'),(1,'Joni',5,148553,0,'Lyndon'),(1,'Lyndon',5,148554,0,'Lyndon'),(1,'Machado',5,148555,0,'Lyndon'),(1,'Renato',5,148556,0,'Lyndon'),(1,'Vitorino',5,148557,0,'Lyndon'),(1,'Wilian',5,148558,0,'Lyndon'),(1,'Douglas',5,148559,0,'Machado'),(1,'Joni',5,148560,0,'Machado'),(1,'Lyndon',5,148561,0,'Machado'),(1,'Machado',5,148562,0,'Machado'),(1,'Renato',5,148563,0,'Machado'),(1,'Vitorino',5,148564,0,'Machado'),(1,'Wilian',5,148565,0,'Machado'),(1,'Douglas',5,148566,0,'Renato'),(1,'Joni',5,148567,0,'Renato'),(1,'Lyndon',5,148568,0,'Renato'),(1,'Machado',5,148569,0,'Renato'),(1,'Renato',5,148570,0,'Renato'),(1,'Vitorino',5,148571,0,'Renato'),(1,'Wilian',5,148572,0,'Renato'),(1,'Douglas',5,148573,0,'Vitorino'),(1,'Joni',5,148574,0,'Vitorino'),(1,'Lyndon',5,148575,0,'Vitorino'),(1,'Machado',5,148576,0,'Vitorino'),(1,'Renato',5,148577,0,'Vitorino'),(1,'Vitorino',5,148578,0,'Vitorino'),(1,'Wilian',5,148579,0,'Vitorino'),(1,'Douglas',5,148580,0,'Wilian'),(1,'Joni',5,148581,0,'Wilian'),(1,'Lyndon',5,148582,0,'Wilian'),(1,'Machado',5,148583,0,'Wilian'),(1,'Renato',5,148584,0,'Wilian'),(1,'Vitorino',5,148585,0,'Wilian'),(1,'Wilian',5,148586,0,'Wilian'),(1,'Douglas',6,148587,0,'Douglas'),(1,'Joni',6,148588,0,'Douglas'),(1,'Lyndon',6,148589,0,'Douglas'),(1,'Machado',6,148590,0,'Douglas'),(1,'Renato',6,148591,0,'Douglas'),(1,'Vitorino',6,148592,0,'Douglas'),(1,'Wilian',6,148593,0,'Douglas'),(1,'Douglas',6,148594,0,'Joni'),(1,'Joni',6,148595,0,'Joni'),(1,'Lyndon',6,148596,0,'Joni'),(1,'Machado',6,148597,0,'Joni'),(1,'Renato',6,148598,0,'Joni'),(1,'Vitorino',6,148599,0,'Joni'),(1,'Wilian',6,148600,0,'Joni'),(1,'Douglas',6,148601,0,'Lyndon'),(1,'Joni',6,148602,0,'Lyndon'),(1,'Lyndon',6,148603,0,'Lyndon'),(1,'Machado',6,148604,0,'Lyndon'),(1,'Renato',6,148605,0,'Lyndon'),(1,'Vitorino',6,148606,0,'Lyndon'),(1,'Wilian',6,148607,0,'Lyndon'),(1,'Douglas',6,148608,0,'Machado'),(1,'Joni',6,148609,0,'Machado'),(1,'Lyndon',6,148610,0,'Machado'),(1,'Machado',6,148611,0,'Machado'),(1,'Renato',6,148612,0,'Machado'),(1,'Vitorino',6,148613,0,'Machado'),(1,'Wilian',6,148614,0,'Machado'),(1,'Douglas',6,148615,0,'Renato'),(1,'Joni',6,148616,0,'Renato'),(1,'Lyndon',6,148617,0,'Renato'),(1,'Machado',6,148618,0,'Renato'),(1,'Renato',6,148619,0,'Renato'),(1,'Vitorino',6,148620,0,'Renato'),(1,'Wilian',6,148621,0,'Renato'),(1,'Douglas',6,148622,0,'Vitorino'),(1,'Joni',6,148623,0,'Vitorino'),(1,'Lyndon',6,148624,0,'Vitorino'),(1,'Machado',6,148625,0,'Vitorino'),(1,'Renato',6,148626,0,'Vitorino'),(1,'Vitorino',6,148627,0,'Vitorino'),(1,'Wilian',6,148628,0,'Vitorino'),(1,'Douglas',6,148629,0,'Wilian'),(1,'Joni',6,148630,0,'Wilian'),(1,'Lyndon',6,148631,0,'Wilian'),(1,'Machado',6,148632,0,'Wilian'),(1,'Renato',6,148633,0,'Wilian'),(1,'Vitorino',6,148634,0,'Wilian'),(1,'Wilian',6,148635,0,'Wilian'),(1,'Douglas',7,148636,0,'Douglas'),(1,'Joni',7,148637,0,'Douglas'),(1,'Lyndon',7,148638,0,'Douglas'),(1,'Machado',7,148639,0,'Douglas'),(1,'Renato',7,148640,0,'Douglas'),(1,'Vitorino',7,148641,0,'Douglas'),(1,'Wilian',7,148642,0,'Douglas'),(1,'Douglas',7,148643,0,'Joni'),(1,'Joni',7,148644,0,'Joni'),(1,'Lyndon',7,148645,0,'Joni'),(1,'Machado',7,148646,0,'Joni'),(1,'Renato',7,148647,0,'Joni'),(1,'Vitorino',7,148648,0,'Joni'),(1,'Wilian',7,148649,0,'Joni'),(1,'Douglas',7,148650,0,'Lyndon'),(1,'Joni',7,148651,0,'Lyndon'),(1,'Lyndon',7,148652,0,'Lyndon'),(1,'Machado',7,148653,0,'Lyndon'),(1,'Renato',7,148654,0,'Lyndon'),(1,'Vitorino',7,148655,0,'Lyndon'),(1,'Wilian',7,148656,0,'Lyndon'),(1,'Douglas',7,148657,0,'Machado'),(1,'Joni',7,148658,0,'Machado'),(1,'Lyndon',7,148659,0,'Machado'),(1,'Machado',7,148660,0,'Machado'),(1,'Renato',7,148661,0,'Machado'),(1,'Vitorino',7,148662,0,'Machado'),(1,'Wilian',7,148663,0,'Machado'),(1,'Douglas',7,148664,0,'Renato'),(1,'Joni',7,148665,0,'Renato'),(1,'Lyndon',7,148666,0,'Renato'),(1,'Machado',7,148667,0,'Renato'),(1,'Renato',7,148668,0,'Renato'),(1,'Vitorino',7,148669,0,'Renato'),(1,'Wilian',7,148670,0,'Renato'),(1,'Douglas',7,148671,0,'Vitorino'),(1,'Joni',7,148672,0,'Vitorino'),(1,'Lyndon',7,148673,0,'Vitorino'),(1,'Machado',7,148674,0,'Vitorino'),(1,'Renato',7,148675,0,'Vitorino'),(1,'Vitorino',7,148676,0,'Vitorino'),(1,'Wilian',7,148677,0,'Vitorino'),(1,'Douglas',7,148678,0,'Wilian'),(1,'Joni',7,148679,0,'Wilian'),(1,'Lyndon',7,148680,0,'Wilian'),(1,'Machado',7,148681,0,'Wilian'),(1,'Renato',7,148682,0,'Wilian'),(1,'Vitorino',7,148683,0,'Wilian'),(1,'Wilian',7,148684,0,'Wilian'),(1,'Douglas',8,148685,0,'Douglas'),(1,'Joni',8,148686,0,'Douglas'),(1,'Lyndon',8,148687,0,'Douglas'),(1,'Machado',8,148688,0,'Douglas'),(1,'Renato',8,148689,0,'Douglas'),(1,'Vitorino',8,148690,0,'Douglas'),(1,'Wilian',8,148691,0,'Douglas'),(1,'Douglas',8,148692,0,'Joni'),(1,'Joni',8,148693,0,'Joni'),(1,'Lyndon',8,148694,0,'Joni'),(1,'Machado',8,148695,0,'Joni'),(1,'Renato',8,148696,0,'Joni'),(1,'Vitorino',8,148697,0,'Joni'),(1,'Wilian',8,148698,0,'Joni'),(1,'Douglas',8,148699,0,'Lyndon'),(1,'Joni',8,148700,0,'Lyndon'),(1,'Lyndon',8,148701,0,'Lyndon'),(1,'Machado',8,148702,0,'Lyndon'),(1,'Renato',8,148703,0,'Lyndon'),(1,'Vitorino',8,148704,0,'Lyndon'),(1,'Wilian',8,148705,0,'Lyndon'),(1,'Douglas',8,148706,0,'Machado'),(1,'Joni',8,148707,0,'Machado'),(1,'Lyndon',8,148708,0,'Machado'),(1,'Machado',8,148709,0,'Machado'),(1,'Renato',8,148710,0,'Machado'),(1,'Vitorino',8,148711,0,'Machado'),(1,'Wilian',8,148712,0,'Machado'),(1,'Douglas',8,148713,0,'Renato'),(1,'Joni',8,148714,0,'Renato'),(1,'Lyndon',8,148715,0,'Renato'),(1,'Machado',8,148716,0,'Renato'),(1,'Renato',8,148717,0,'Renato'),(1,'Vitorino',8,148718,0,'Renato'),(1,'Wilian',8,148719,0,'Renato'),(1,'Douglas',8,148720,0,'Vitorino'),(1,'Joni',8,148721,0,'Vitorino'),(1,'Lyndon',8,148722,0,'Vitorino'),(1,'Machado',8,148723,0,'Vitorino'),(1,'Renato',8,148724,0,'Vitorino'),(1,'Vitorino',8,148725,0,'Vitorino'),(1,'Wilian',8,148726,0,'Vitorino'),(1,'Douglas',8,148727,0,'Wilian'),(1,'Joni',8,148728,0,'Wilian'),(1,'Lyndon',8,148729,0,'Wilian'),(1,'Machado',8,148730,0,'Wilian'),(1,'Renato',8,148731,0,'Wilian'),(1,'Vitorino',8,148732,0,'Wilian'),(1,'Wilian',8,148733,0,'Wilian'),(1,'Douglas',9,148734,0,'Douglas'),(1,'Joni',9,148735,0,'Douglas'),(1,'Lyndon',9,148736,0,'Douglas'),(1,'Machado',9,148737,0,'Douglas'),(1,'Renato',9,148738,0,'Douglas'),(1,'Vitorino',9,148739,0,'Douglas'),(1,'Wilian',9,148740,0,'Douglas'),(1,'Douglas',9,148741,0,'Joni'),(1,'Joni',9,148742,0,'Joni'),(1,'Lyndon',9,148743,0,'Joni'),(1,'Machado',9,148744,0,'Joni'),(1,'Renato',9,148745,0,'Joni'),(1,'Vitorino',9,148746,0,'Joni'),(1,'Wilian',9,148747,0,'Joni'),(1,'Douglas',9,148748,0,'Lyndon'),(1,'Joni',9,148749,0,'Lyndon'),(1,'Lyndon',9,148750,0,'Lyndon'),(1,'Machado',9,148751,0,'Lyndon'),(1,'Renato',9,148752,0,'Lyndon'),(1,'Vitorino',9,148753,0,'Lyndon'),(1,'Wilian',9,148754,0,'Lyndon'),(1,'Douglas',9,148755,0,'Machado'),(1,'Joni',9,148756,0,'Machado'),(1,'Lyndon',9,148757,0,'Machado'),(1,'Machado',9,148758,0,'Machado'),(1,'Renato',9,148759,0,'Machado'),(1,'Vitorino',9,148760,0,'Machado'),(1,'Wilian',9,148761,0,'Machado'),(1,'Douglas',9,148762,0,'Renato'),(1,'Joni',9,148763,0,'Renato'),(1,'Lyndon',9,148764,0,'Renato'),(1,'Machado',9,148765,0,'Renato'),(1,'Renato',9,148766,0,'Renato'),(1,'Vitorino',9,148767,0,'Renato'),(1,'Wilian',9,148768,0,'Renato'),(1,'Douglas',9,148769,0,'Vitorino'),(1,'Joni',9,148770,0,'Vitorino'),(1,'Lyndon',9,148771,0,'Vitorino'),(1,'Machado',9,148772,0,'Vitorino'),(1,'Renato',9,148773,0,'Vitorino'),(1,'Vitorino',9,148774,0,'Vitorino'),(1,'Wilian',9,148775,0,'Vitorino'),(1,'Douglas',9,148776,0,'Wilian'),(1,'Joni',9,148777,0,'Wilian'),(1,'Lyndon',9,148778,0,'Wilian'),(1,'Machado',9,148779,0,'Wilian'),(1,'Renato',9,148780,0,'Wilian'),(1,'Vitorino',9,148781,0,'Wilian'),(1,'Wilian',9,148782,0,'Wilian'),(1,'Douglas',10,148783,0,'Douglas'),(1,'Joni',10,148784,0,'Douglas'),(1,'Lyndon',10,148785,0,'Douglas'),(1,'Machado',10,148786,0,'Douglas'),(1,'Renato',10,148787,0,'Douglas'),(1,'Vitorino',10,148788,0,'Douglas'),(1,'Wilian',10,148789,0,'Douglas'),(1,'Douglas',10,148790,0,'Joni'),(1,'Joni',10,148791,0,'Joni'),(1,'Lyndon',10,148792,0,'Joni'),(1,'Machado',10,148793,0,'Joni'),(1,'Renato',10,148794,0,'Joni'),(1,'Vitorino',10,148795,0,'Joni'),(1,'Wilian',10,148796,0,'Joni'),(1,'Douglas',10,148797,0,'Lyndon'),(1,'Joni',10,148798,0,'Lyndon'),(1,'Lyndon',10,148799,0,'Lyndon'),(1,'Machado',10,148800,0,'Lyndon'),(1,'Renato',10,148801,0,'Lyndon'),(1,'Vitorino',10,148802,0,'Lyndon'),(1,'Wilian',10,148803,0,'Lyndon'),(1,'Douglas',10,148804,0,'Machado'),(1,'Joni',10,148805,0,'Machado'),(1,'Lyndon',10,148806,0,'Machado'),(1,'Machado',10,148807,0,'Machado'),(1,'Renato',10,148808,0,'Machado'),(1,'Vitorino',10,148809,0,'Machado'),(1,'Wilian',10,148810,0,'Machado'),(1,'Douglas',10,148811,0,'Renato'),(1,'Joni',10,148812,0,'Renato'),(1,'Lyndon',10,148813,0,'Renato'),(1,'Machado',10,148814,0,'Renato'),(1,'Renato',10,148815,0,'Renato'),(1,'Vitorino',10,148816,0,'Renato'),(1,'Wilian',10,148817,0,'Renato'),(1,'Douglas',10,148818,0,'Vitorino'),(1,'Joni',10,148819,0,'Vitorino'),(1,'Lyndon',10,148820,0,'Vitorino'),(1,'Machado',10,148821,0,'Vitorino'),(1,'Renato',10,148822,0,'Vitorino'),(1,'Vitorino',10,148823,0,'Vitorino'),(1,'Wilian',10,148824,0,'Vitorino'),(1,'Douglas',10,148825,0,'Wilian'),(1,'Joni',10,148826,0,'Wilian'),(1,'Lyndon',10,148827,0,'Wilian'),(1,'Machado',10,148828,0,'Wilian'),(1,'Renato',10,148829,0,'Wilian'),(1,'Vitorino',10,148830,0,'Wilian'),(1,'Wilian',10,148831,0,'Wilian'),(1,'Douglas',11,148832,0,'Douglas'),(1,'Joni',11,148833,0,'Douglas'),(1,'Lyndon',11,148834,0,'Douglas'),(1,'Machado',11,148835,0,'Douglas'),(1,'Renato',11,148836,0,'Douglas'),(1,'Vitorino',11,148837,0,'Douglas'),(1,'Wilian',11,148838,0,'Douglas'),(1,'Douglas',11,148839,0,'Joni'),(1,'Joni',11,148840,0,'Joni'),(1,'Lyndon',11,148841,0,'Joni'),(1,'Machado',11,148842,0,'Joni'),(1,'Renato',11,148843,0,'Joni'),(1,'Vitorino',11,148844,0,'Joni'),(1,'Wilian',11,148845,0,'Joni'),(1,'Douglas',11,148846,0,'Lyndon'),(1,'Joni',11,148847,0,'Lyndon'),(1,'Lyndon',11,148848,0,'Lyndon'),(1,'Machado',11,148849,0,'Lyndon'),(1,'Renato',11,148850,0,'Lyndon'),(1,'Vitorino',11,148851,0,'Lyndon'),(1,'Wilian',11,148852,0,'Lyndon'),(1,'Douglas',11,148853,0,'Machado'),(1,'Joni',11,148854,0,'Machado'),(1,'Lyndon',11,148855,0,'Machado'),(1,'Machado',11,148856,0,'Machado'),(1,'Renato',11,148857,0,'Machado'),(1,'Vitorino',11,148858,0,'Machado'),(1,'Wilian',11,148859,0,'Machado'),(1,'Douglas',11,148860,0,'Renato'),(1,'Joni',11,148861,0,'Renato'),(1,'Lyndon',11,148862,0,'Renato'),(1,'Machado',11,148863,0,'Renato'),(1,'Renato',11,148864,0,'Renato'),(1,'Vitorino',11,148865,0,'Renato'),(1,'Wilian',11,148866,0,'Renato'),(1,'Douglas',11,148867,0,'Vitorino'),(1,'Joni',11,148868,0,'Vitorino'),(1,'Lyndon',11,148869,0,'Vitorino'),(1,'Machado',11,148870,0,'Vitorino'),(1,'Renato',11,148871,0,'Vitorino'),(1,'Vitorino',11,148872,0,'Vitorino'),(1,'Wilian',11,148873,0,'Vitorino'),(1,'Douglas',11,148874,0,'Wilian'),(1,'Joni',11,148875,0,'Wilian'),(1,'Lyndon',11,148876,0,'Wilian'),(1,'Machado',11,148877,0,'Wilian'),(1,'Renato',11,148878,0,'Wilian'),(1,'Vitorino',11,148879,0,'Wilian'),(1,'Wilian',11,148880,0,'Wilian'),(1,'Douglas',12,148881,0,'Douglas'),(1,'Joni',12,148882,0,'Douglas'),(1,'Lyndon',12,148883,0,'Douglas'),(1,'Machado',12,148884,0,'Douglas'),(1,'Renato',12,148885,0,'Douglas'),(1,'Vitorino',12,148886,0,'Douglas'),(1,'Wilian',12,148887,0,'Douglas'),(1,'Douglas',12,148888,0,'Joni'),(1,'Joni',12,148889,0,'Joni'),(1,'Lyndon',12,148890,0,'Joni'),(1,'Machado',12,148891,0,'Joni'),(1,'Renato',12,148892,0,'Joni'),(1,'Vitorino',12,148893,0,'Joni'),(1,'Wilian',12,148894,0,'Joni'),(1,'Douglas',12,148895,0,'Lyndon'),(1,'Joni',12,148896,0,'Lyndon'),(1,'Lyndon',12,148897,0,'Lyndon'),(1,'Machado',12,148898,0,'Lyndon'),(1,'Renato',12,148899,0,'Lyndon'),(1,'Vitorino',12,148900,0,'Lyndon'),(1,'Wilian',12,148901,0,'Lyndon'),(1,'Douglas',12,148902,0,'Machado'),(1,'Joni',12,148903,0,'Machado'),(1,'Lyndon',12,148904,0,'Machado'),(1,'Machado',12,148905,0,'Machado'),(1,'Renato',12,148906,0,'Machado'),(1,'Vitorino',12,148907,0,'Machado'),(1,'Wilian',12,148908,0,'Machado'),(1,'Douglas',12,148909,0,'Renato'),(1,'Joni',12,148910,0,'Renato'),(1,'Lyndon',12,148911,0,'Renato'),(1,'Machado',12,148912,0,'Renato'),(1,'Renato',12,148913,0,'Renato'),(1,'Vitorino',12,148914,0,'Renato'),(1,'Wilian',12,148915,0,'Renato'),(1,'Douglas',12,148916,0,'Vitorino'),(1,'Joni',12,148917,0,'Vitorino'),(1,'Lyndon',12,148918,0,'Vitorino'),(1,'Machado',12,148919,0,'Vitorino'),(1,'Renato',12,148920,0,'Vitorino'),(1,'Vitorino',12,148921,0,'Vitorino'),(1,'Wilian',12,148922,0,'Vitorino'),(1,'Douglas',12,148923,0,'Wilian'),(1,'Joni',12,148924,0,'Wilian'),(1,'Lyndon',12,148925,0,'Wilian'),(1,'Machado',12,148926,0,'Wilian'),(1,'Renato',12,148927,0,'Wilian'),(1,'Vitorino',12,148928,0,'Wilian'),(1,'Wilian',12,148929,0,'Wilian'),(1,'Douglas',13,148930,0,'Douglas'),(1,'Joni',13,148931,0,'Douglas'),(1,'Lyndon',13,148932,0,'Douglas'),(1,'Machado',13,148933,0,'Douglas'),(1,'Renato',13,148934,0,'Douglas'),(1,'Vitorino',13,148935,0,'Douglas'),(1,'Wilian',13,148936,0,'Douglas'),(1,'Douglas',13,148937,0,'Joni'),(1,'Joni',13,148938,0,'Joni'),(1,'Lyndon',13,148939,0,'Joni'),(1,'Machado',13,148940,0,'Joni'),(1,'Renato',13,148941,0,'Joni'),(1,'Vitorino',13,148942,0,'Joni'),(1,'Wilian',13,148943,0,'Joni'),(1,'Douglas',13,148944,0,'Lyndon'),(1,'Joni',13,148945,0,'Lyndon'),(1,'Lyndon',13,148946,0,'Lyndon'),(1,'Machado',13,148947,0,'Lyndon'),(1,'Renato',13,148948,0,'Lyndon'),(1,'Vitorino',13,148949,0,'Lyndon'),(1,'Wilian',13,148950,0,'Lyndon'),(1,'Douglas',13,148951,0,'Machado'),(1,'Joni',13,148952,0,'Machado'),(1,'Lyndon',13,148953,0,'Machado'),(1,'Machado',13,148954,0,'Machado'),(1,'Renato',13,148955,0,'Machado'),(1,'Vitorino',13,148956,0,'Machado'),(1,'Wilian',13,148957,0,'Machado'),(1,'Douglas',13,148958,0,'Renato'),(1,'Joni',13,148959,0,'Renato'),(1,'Lyndon',13,148960,0,'Renato'),(1,'Machado',13,148961,0,'Renato'),(1,'Renato',13,148962,0,'Renato'),(1,'Vitorino',13,148963,0,'Renato'),(1,'Wilian',13,148964,0,'Renato'),(1,'Douglas',13,148965,0,'Vitorino'),(1,'Joni',13,148966,0,'Vitorino'),(1,'Lyndon',13,148967,0,'Vitorino'),(1,'Machado',13,148968,0,'Vitorino'),(1,'Renato',13,148969,0,'Vitorino'),(1,'Vitorino',13,148970,0,'Vitorino'),(1,'Wilian',13,148971,0,'Vitorino'),(1,'Douglas',13,148972,0,'Wilian'),(1,'Joni',13,148973,0,'Wilian'),(1,'Lyndon',13,148974,0,'Wilian'),(1,'Machado',13,148975,0,'Wilian'),(1,'Renato',13,148976,0,'Wilian'),(1,'Vitorino',13,148977,0,'Wilian'),(1,'Wilian',13,148978,0,'Wilian'),(1,'Douglas',14,148979,0,'Douglas'),(1,'Joni',14,148980,0,'Douglas'),(1,'Lyndon',14,148981,0,'Douglas'),(1,'Machado',14,148982,0,'Douglas'),(1,'Renato',14,148983,0,'Douglas'),(1,'Vitorino',14,148984,0,'Douglas'),(1,'Wilian',14,148985,0,'Douglas'),(1,'Douglas',14,148986,0,'Joni'),(1,'Joni',14,148987,0,'Joni'),(1,'Lyndon',14,148988,0,'Joni'),(1,'Machado',14,148989,0,'Joni'),(1,'Renato',14,148990,0,'Joni'),(1,'Vitorino',14,148991,0,'Joni'),(1,'Wilian',14,148992,0,'Joni'),(1,'Douglas',14,148993,0,'Lyndon'),(1,'Joni',14,148994,0,'Lyndon'),(1,'Lyndon',14,148995,0,'Lyndon'),(1,'Machado',14,148996,0,'Lyndon'),(1,'Renato',14,148997,0,'Lyndon'),(1,'Vitorino',14,148998,0,'Lyndon'),(1,'Wilian',14,148999,0,'Lyndon'),(1,'Douglas',14,149000,0,'Machado'),(1,'Joni',14,149001,0,'Machado'),(1,'Lyndon',14,149002,0,'Machado'),(1,'Machado',14,149003,0,'Machado'),(1,'Renato',14,149004,0,'Machado'),(1,'Vitorino',14,149005,0,'Machado'),(1,'Wilian',14,149006,0,'Machado'),(1,'Douglas',14,149007,0,'Renato'),(1,'Joni',14,149008,0,'Renato'),(1,'Lyndon',14,149009,0,'Renato'),(1,'Machado',14,149010,0,'Renato'),(1,'Renato',14,149011,0,'Renato'),(1,'Vitorino',14,149012,0,'Renato'),(1,'Wilian',14,149013,0,'Renato'),(1,'Douglas',14,149014,0,'Vitorino'),(1,'Joni',14,149015,0,'Vitorino'),(1,'Lyndon',14,149016,0,'Vitorino'),(1,'Machado',14,149017,0,'Vitorino'),(1,'Renato',14,149018,0,'Vitorino'),(1,'Vitorino',14,149019,0,'Vitorino'),(1,'Wilian',14,149020,0,'Vitorino'),(1,'Douglas',14,149021,0,'Wilian'),(1,'Joni',14,149022,0,'Wilian'),(1,'Lyndon',14,149023,0,'Wilian'),(1,'Machado',14,149024,0,'Wilian'),(1,'Renato',14,149025,0,'Wilian'),(1,'Vitorino',14,149026,0,'Wilian'),(1,'Wilian',14,149027,0,'Wilian'),(1,'Douglas',15,149028,0,'Douglas'),(1,'Joni',15,149029,0,'Douglas'),(1,'Lyndon',15,149030,0,'Douglas'),(1,'Machado',15,149031,0,'Douglas'),(1,'Renato',15,149032,0,'Douglas'),(1,'Vitorino',15,149033,0,'Douglas'),(1,'Wilian',15,149034,0,'Douglas'),(1,'Douglas',15,149035,0,'Joni'),(1,'Joni',15,149036,0,'Joni'),(1,'Lyndon',15,149037,0,'Joni'),(1,'Machado',15,149038,0,'Joni'),(1,'Renato',15,149039,0,'Joni'),(1,'Vitorino',15,149040,0,'Joni'),(1,'Wilian',15,149041,0,'Joni'),(1,'Douglas',15,149042,0,'Lyndon'),(1,'Joni',15,149043,0,'Lyndon'),(1,'Lyndon',15,149044,0,'Lyndon'),(1,'Machado',15,149045,0,'Lyndon'),(1,'Renato',15,149046,0,'Lyndon'),(1,'Vitorino',15,149047,0,'Lyndon'),(1,'Wilian',15,149048,0,'Lyndon'),(1,'Douglas',15,149049,0,'Machado'),(1,'Joni',15,149050,0,'Machado'),(1,'Lyndon',15,149051,0,'Machado'),(1,'Machado',15,149052,0,'Machado'),(1,'Renato',15,149053,0,'Machado'),(1,'Vitorino',15,149054,0,'Machado'),(1,'Wilian',15,149055,0,'Machado'),(1,'Douglas',15,149056,0,'Renato'),(1,'Joni',15,149057,0,'Renato'),(1,'Lyndon',15,149058,0,'Renato'),(1,'Machado',15,149059,0,'Renato'),(1,'Renato',15,149060,0,'Renato'),(1,'Vitorino',15,149061,0,'Renato'),(1,'Wilian',15,149062,0,'Renato'),(1,'Douglas',15,149063,0,'Vitorino'),(1,'Joni',15,149064,0,'Vitorino'),(1,'Lyndon',15,149065,0,'Vitorino'),(1,'Machado',15,149066,0,'Vitorino'),(1,'Renato',15,149067,0,'Vitorino'),(1,'Vitorino',15,149068,0,'Vitorino'),(1,'Wilian',15,149069,0,'Vitorino'),(1,'Douglas',15,149070,0,'Wilian'),(1,'Joni',15,149071,0,'Wilian'),(1,'Lyndon',15,149072,0,'Wilian'),(1,'Machado',15,149073,0,'Wilian'),(1,'Renato',15,149074,0,'Wilian'),(1,'Vitorino',15,149075,0,'Wilian'),(1,'Wilian',15,149076,0,'Wilian'),(1,'Douglas',16,149077,0,'Douglas'),(1,'Joni',16,149078,0,'Douglas'),(1,'Lyndon',16,149079,0,'Douglas'),(1,'Machado',16,149080,0,'Douglas'),(1,'Renato',16,149081,0,'Douglas'),(1,'Vitorino',16,149082,0,'Douglas'),(1,'Wilian',16,149083,0,'Douglas'),(1,'Douglas',16,149084,0,'Joni'),(1,'Joni',16,149085,0,'Joni'),(1,'Lyndon',16,149086,0,'Joni'),(1,'Machado',16,149087,0,'Joni'),(1,'Renato',16,149088,0,'Joni'),(1,'Vitorino',16,149089,0,'Joni'),(1,'Wilian',16,149090,0,'Joni'),(1,'Douglas',16,149091,0,'Lyndon'),(1,'Joni',16,149092,0,'Lyndon'),(1,'Lyndon',16,149093,0,'Lyndon'),(1,'Machado',16,149094,0,'Lyndon'),(1,'Renato',16,149095,0,'Lyndon'),(1,'Vitorino',16,149096,0,'Lyndon'),(1,'Wilian',16,149097,0,'Lyndon'),(1,'Douglas',16,149098,0,'Machado'),(1,'Joni',16,149099,0,'Machado'),(1,'Lyndon',16,149100,0,'Machado'),(1,'Machado',16,149101,0,'Machado'),(1,'Renato',16,149102,0,'Machado'),(1,'Vitorino',16,149103,0,'Machado'),(1,'Wilian',16,149104,0,'Machado'),(1,'Douglas',16,149105,0,'Renato'),(1,'Joni',16,149106,0,'Renato'),(1,'Lyndon',16,149107,0,'Renato'),(1,'Machado',16,149108,0,'Renato'),(1,'Renato',16,149109,0,'Renato'),(1,'Vitorino',16,149110,0,'Renato'),(1,'Wilian',16,149111,0,'Renato'),(1,'Douglas',16,149112,0,'Vitorino'),(1,'Joni',16,149113,0,'Vitorino'),(1,'Lyndon',16,149114,0,'Vitorino'),(1,'Machado',16,149115,0,'Vitorino'),(1,'Renato',16,149116,0,'Vitorino'),(1,'Vitorino',16,149117,0,'Vitorino'),(1,'Wilian',16,149118,0,'Vitorino'),(1,'Douglas',16,149119,0,'Wilian'),(1,'Joni',16,149120,0,'Wilian'),(1,'Lyndon',16,149121,0,'Wilian'),(1,'Machado',16,149122,0,'Wilian'),(1,'Renato',16,149123,0,'Wilian'),(1,'Vitorino',16,149124,0,'Wilian'),(1,'Wilian',16,149125,0,'Wilian'),(1,'Douglas',17,149126,0,'Douglas'),(1,'Joni',17,149127,0,'Douglas'),(1,'Lyndon',17,149128,0,'Douglas'),(1,'Machado',17,149129,0,'Douglas'),(1,'Renato',17,149130,0,'Douglas'),(1,'Vitorino',17,149131,0,'Douglas'),(1,'Wilian',17,149132,0,'Douglas'),(1,'Douglas',17,149133,0,'Joni'),(1,'Joni',17,149134,0,'Joni'),(1,'Lyndon',17,149135,0,'Joni'),(1,'Machado',17,149136,0,'Joni'),(1,'Renato',17,149137,0,'Joni'),(1,'Vitorino',17,149138,0,'Joni'),(1,'Wilian',17,149139,0,'Joni'),(1,'Douglas',17,149140,0,'Lyndon'),(1,'Joni',17,149141,0,'Lyndon'),(1,'Lyndon',17,149142,0,'Lyndon'),(1,'Machado',17,149143,0,'Lyndon'),(1,'Renato',17,149144,0,'Lyndon'),(1,'Vitorino',17,149145,0,'Lyndon'),(1,'Wilian',17,149146,0,'Lyndon'),(1,'Douglas',17,149147,0,'Machado'),(1,'Joni',17,149148,0,'Machado'),(1,'Lyndon',17,149149,0,'Machado'),(1,'Machado',17,149150,0,'Machado'),(1,'Renato',17,149151,0,'Machado'),(1,'Vitorino',17,149152,0,'Machado'),(1,'Wilian',17,149153,0,'Machado'),(1,'Douglas',17,149154,0,'Renato'),(1,'Joni',17,149155,0,'Renato'),(1,'Lyndon',17,149156,0,'Renato'),(1,'Machado',17,149157,0,'Renato'),(1,'Renato',17,149158,0,'Renato'),(1,'Vitorino',17,149159,0,'Renato'),(1,'Wilian',17,149160,0,'Renato'),(1,'Douglas',17,149161,0,'Vitorino'),(1,'Joni',17,149162,0,'Vitorino'),(1,'Lyndon',17,149163,0,'Vitorino'),(1,'Machado',17,149164,0,'Vitorino'),(1,'Renato',17,149165,0,'Vitorino'),(1,'Vitorino',17,149166,0,'Vitorino'),(1,'Wilian',17,149167,0,'Vitorino'),(1,'Douglas',17,149168,0,'Wilian'),(1,'Joni',17,149169,0,'Wilian'),(1,'Lyndon',17,149170,0,'Wilian'),(1,'Machado',17,149171,0,'Wilian'),(1,'Renato',17,149172,0,'Wilian'),(1,'Vitorino',17,149173,0,'Wilian'),(1,'Wilian',17,149174,0,'Wilian'),(1,'Douglas',18,149175,0,'Douglas'),(1,'Joni',18,149176,0,'Douglas'),(1,'Lyndon',18,149177,0,'Douglas'),(1,'Machado',18,149178,0,'Douglas'),(1,'Renato',18,149179,0,'Douglas'),(1,'Vitorino',18,149180,0,'Douglas'),(1,'Wilian',18,149181,0,'Douglas'),(1,'Douglas',18,149182,0,'Joni'),(1,'Joni',18,149183,0,'Joni'),(1,'Lyndon',18,149184,0,'Joni'),(1,'Machado',18,149185,0,'Joni'),(1,'Renato',18,149186,0,'Joni'),(1,'Vitorino',18,149187,0,'Joni'),(1,'Wilian',18,149188,0,'Joni'),(1,'Douglas',18,149189,0,'Lyndon'),(1,'Joni',18,149190,0,'Lyndon'),(1,'Lyndon',18,149191,0,'Lyndon'),(1,'Machado',18,149192,0,'Lyndon'),(1,'Renato',18,149193,0,'Lyndon'),(1,'Vitorino',18,149194,0,'Lyndon'),(1,'Wilian',18,149195,0,'Lyndon'),(1,'Douglas',18,149196,0,'Machado'),(1,'Joni',18,149197,0,'Machado'),(1,'Lyndon',18,149198,0,'Machado'),(1,'Machado',18,149199,0,'Machado'),(1,'Renato',18,149200,0,'Machado'),(1,'Vitorino',18,149201,0,'Machado'),(1,'Wilian',18,149202,0,'Machado'),(1,'Douglas',18,149203,0,'Renato'),(1,'Joni',18,149204,0,'Renato'),(1,'Lyndon',18,149205,0,'Renato'),(1,'Machado',18,149206,0,'Renato'),(1,'Renato',18,149207,0,'Renato'),(1,'Vitorino',18,149208,0,'Renato'),(1,'Wilian',18,149209,0,'Renato'),(1,'Douglas',18,149210,0,'Vitorino'),(1,'Joni',18,149211,0,'Vitorino'),(1,'Lyndon',18,149212,0,'Vitorino'),(1,'Machado',18,149213,0,'Vitorino'),(1,'Renato',18,149214,0,'Vitorino'),(1,'Vitorino',18,149215,0,'Vitorino'),(1,'Wilian',18,149216,0,'Vitorino'),(1,'Douglas',18,149217,0,'Wilian'),(1,'Joni',18,149218,0,'Wilian'),(1,'Lyndon',18,149219,0,'Wilian'),(1,'Machado',18,149220,0,'Wilian'),(1,'Renato',18,149221,0,'Wilian'),(1,'Vitorino',18,149222,0,'Wilian'),(1,'Wilian',18,149223,0,'Wilian'),(1,'Douglas',19,149224,0,'Douglas'),(1,'Joni',19,149225,0,'Douglas'),(1,'Lyndon',19,149226,0,'Douglas'),(1,'Machado',19,149227,0,'Douglas'),(1,'Renato',19,149228,0,'Douglas'),(1,'Vitorino',19,149229,0,'Douglas'),(1,'Wilian',19,149230,0,'Douglas'),(1,'Douglas',19,149231,0,'Joni'),(1,'Joni',19,149232,0,'Joni'),(1,'Lyndon',19,149233,0,'Joni'),(1,'Machado',19,149234,0,'Joni'),(1,'Renato',19,149235,0,'Joni'),(1,'Vitorino',19,149236,0,'Joni'),(1,'Wilian',19,149237,0,'Joni'),(1,'Douglas',19,149238,0,'Lyndon'),(1,'Joni',19,149239,0,'Lyndon'),(1,'Lyndon',19,149240,0,'Lyndon'),(1,'Machado',19,149241,0,'Lyndon'),(1,'Renato',19,149242,0,'Lyndon'),(1,'Vitorino',19,149243,0,'Lyndon'),(1,'Wilian',19,149244,0,'Lyndon'),(1,'Douglas',19,149245,0,'Machado'),(1,'Joni',19,149246,0,'Machado'),(1,'Lyndon',19,149247,0,'Machado'),(1,'Machado',19,149248,0,'Machado'),(1,'Renato',19,149249,0,'Machado'),(1,'Vitorino',19,149250,0,'Machado'),(1,'Wilian',19,149251,0,'Machado'),(1,'Douglas',19,149252,0,'Renato'),(1,'Joni',19,149253,0,'Renato'),(1,'Lyndon',19,149254,0,'Renato'),(1,'Machado',19,149255,0,'Renato'),(1,'Renato',19,149256,0,'Renato'),(1,'Vitorino',19,149257,0,'Renato'),(1,'Wilian',19,149258,0,'Renato'),(1,'Douglas',19,149259,0,'Vitorino'),(1,'Joni',19,149260,0,'Vitorino'),(1,'Lyndon',19,149261,0,'Vitorino'),(1,'Machado',19,149262,0,'Vitorino'),(1,'Renato',19,149263,0,'Vitorino'),(1,'Vitorino',19,149264,0,'Vitorino'),(1,'Wilian',19,149265,0,'Vitorino'),(1,'Douglas',19,149266,0,'Wilian'),(1,'Joni',19,149267,0,'Wilian'),(1,'Lyndon',19,149268,0,'Wilian'),(1,'Machado',19,149269,0,'Wilian'),(1,'Renato',19,149270,0,'Wilian'),(1,'Vitorino',19,149271,0,'Wilian'),(1,'Wilian',19,149272,0,'Wilian'),(1,'Douglas',20,149273,0,'Douglas'),(1,'Joni',20,149274,0,'Douglas'),(1,'Lyndon',20,149275,0,'Douglas'),(1,'Machado',20,149276,0,'Douglas'),(1,'Renato',20,149277,0,'Douglas'),(1,'Vitorino',20,149278,0,'Douglas'),(1,'Wilian',20,149279,0,'Douglas'),(1,'Douglas',20,149280,0,'Joni'),(1,'Joni',20,149281,0,'Joni'),(1,'Lyndon',20,149282,0,'Joni'),(1,'Machado',20,149283,0,'Joni'),(1,'Renato',20,149284,0,'Joni'),(1,'Vitorino',20,149285,0,'Joni'),(1,'Wilian',20,149286,0,'Joni'),(1,'Douglas',20,149287,0,'Lyndon'),(1,'Joni',20,149288,0,'Lyndon'),(1,'Lyndon',20,149289,0,'Lyndon'),(1,'Machado',20,149290,0,'Lyndon'),(1,'Renato',20,149291,0,'Lyndon'),(1,'Vitorino',20,149292,0,'Lyndon'),(1,'Wilian',20,149293,0,'Lyndon'),(1,'Douglas',20,149294,0,'Machado'),(1,'Joni',20,149295,0,'Machado'),(1,'Lyndon',20,149296,0,'Machado'),(1,'Machado',20,149297,0,'Machado'),(1,'Renato',20,149298,0,'Machado'),(1,'Vitorino',20,149299,0,'Machado'),(1,'Wilian',20,149300,0,'Machado'),(1,'Douglas',20,149301,0,'Renato'),(1,'Joni',20,149302,0,'Renato'),(1,'Lyndon',20,149303,0,'Renato'),(1,'Machado',20,149304,0,'Renato'),(1,'Renato',20,149305,0,'Renato'),(1,'Vitorino',20,149306,0,'Renato'),(1,'Wilian',20,149307,0,'Renato'),(1,'Douglas',20,149308,0,'Vitorino'),(1,'Joni',20,149309,0,'Vitorino'),(1,'Lyndon',20,149310,0,'Vitorino'),(1,'Machado',20,149311,0,'Vitorino'),(1,'Renato',20,149312,0,'Vitorino'),(1,'Vitorino',20,149313,0,'Vitorino'),(1,'Wilian',20,149314,0,'Vitorino'),(1,'Douglas',20,149315,0,'Wilian'),(1,'Joni',20,149316,0,'Wilian'),(1,'Lyndon',20,149317,0,'Wilian'),(1,'Machado',20,149318,0,'Wilian'),(1,'Renato',20,149319,0,'Wilian'),(1,'Vitorino',20,149320,0,'Wilian'),(1,'Wilian',20,149321,0,'Wilian'),(1,'Douglas',21,149322,0,'Douglas'),(1,'Joni',21,149323,0,'Douglas'),(1,'Lyndon',21,149324,0,'Douglas'),(1,'Machado',21,149325,0,'Douglas'),(1,'Renato',21,149326,0,'Douglas'),(1,'Vitorino',21,149327,0,'Douglas'),(1,'Wilian',21,149328,0,'Douglas'),(1,'Douglas',21,149329,0,'Joni'),(1,'Joni',21,149330,0,'Joni'),(1,'Lyndon',21,149331,0,'Joni'),(1,'Machado',21,149332,0,'Joni'),(1,'Renato',21,149333,0,'Joni'),(1,'Vitorino',21,149334,0,'Joni'),(1,'Wilian',21,149335,0,'Joni'),(1,'Douglas',21,149336,0,'Lyndon'),(1,'Joni',21,149337,0,'Lyndon'),(1,'Lyndon',21,149338,0,'Lyndon'),(1,'Machado',21,149339,0,'Lyndon'),(1,'Renato',21,149340,0,'Lyndon'),(1,'Vitorino',21,149341,0,'Lyndon'),(1,'Wilian',21,149342,0,'Lyndon'),(1,'Douglas',21,149343,0,'Machado'),(1,'Joni',21,149344,0,'Machado'),(1,'Lyndon',21,149345,0,'Machado'),(1,'Machado',21,149346,0,'Machado'),(1,'Renato',21,149347,0,'Machado'),(1,'Vitorino',21,149348,0,'Machado'),(1,'Wilian',21,149349,0,'Machado'),(1,'Douglas',21,149350,0,'Renato'),(1,'Joni',21,149351,0,'Renato'),(1,'Lyndon',21,149352,0,'Renato'),(1,'Machado',21,149353,0,'Renato'),(1,'Renato',21,149354,0,'Renato'),(1,'Vitorino',21,149355,0,'Renato'),(1,'Wilian',21,149356,0,'Renato'),(1,'Douglas',21,149357,0,'Vitorino'),(1,'Joni',21,149358,0,'Vitorino'),(1,'Lyndon',21,149359,0,'Vitorino'),(1,'Machado',21,149360,0,'Vitorino'),(1,'Renato',21,149361,0,'Vitorino'),(1,'Vitorino',21,149362,0,'Vitorino'),(1,'Wilian',21,149363,0,'Vitorino'),(1,'Douglas',21,149364,0,'Wilian'),(1,'Joni',21,149365,0,'Wilian'),(1,'Lyndon',21,149366,0,'Wilian'),(1,'Machado',21,149367,0,'Wilian'),(1,'Renato',21,149368,0,'Wilian'),(1,'Vitorino',21,149369,0,'Wilian'),(1,'Wilian',21,149370,0,'Wilian'),(1,'Douglas',22,149371,0,'Douglas'),(1,'Joni',22,149372,0,'Douglas'),(1,'Lyndon',22,149373,0,'Douglas'),(1,'Machado',22,149374,0,'Douglas'),(1,'Renato',22,149375,0,'Douglas'),(1,'Vitorino',22,149376,0,'Douglas'),(1,'Wilian',22,149377,0,'Douglas'),(1,'Douglas',22,149378,0,'Joni'),(1,'Joni',22,149379,0,'Joni'),(1,'Lyndon',22,149380,0,'Joni'),(1,'Machado',22,149381,0,'Joni'),(1,'Renato',22,149382,0,'Joni'),(1,'Vitorino',22,149383,0,'Joni'),(1,'Wilian',22,149384,0,'Joni'),(1,'Douglas',22,149385,0,'Lyndon'),(1,'Joni',22,149386,0,'Lyndon'),(1,'Lyndon',22,149387,0,'Lyndon'),(1,'Machado',22,149388,0,'Lyndon'),(1,'Renato',22,149389,0,'Lyndon'),(1,'Vitorino',22,149390,0,'Lyndon'),(1,'Wilian',22,149391,0,'Lyndon'),(1,'Douglas',22,149392,0,'Machado'),(1,'Joni',22,149393,0,'Machado'),(1,'Lyndon',22,149394,0,'Machado'),(1,'Machado',22,149395,0,'Machado'),(1,'Renato',22,149396,0,'Machado'),(1,'Vitorino',22,149397,0,'Machado'),(1,'Wilian',22,149398,0,'Machado'),(1,'Douglas',22,149399,0,'Renato'),(1,'Joni',22,149400,0,'Renato'),(1,'Lyndon',22,149401,0,'Renato'),(1,'Machado',22,149402,0,'Renato'),(1,'Renato',22,149403,0,'Renato'),(1,'Vitorino',22,149404,0,'Renato'),(1,'Wilian',22,149405,0,'Renato'),(1,'Douglas',22,149406,0,'Vitorino'),(1,'Joni',22,149407,0,'Vitorino'),(1,'Lyndon',22,149408,0,'Vitorino'),(1,'Machado',22,149409,0,'Vitorino'),(1,'Renato',22,149410,0,'Vitorino'),(1,'Vitorino',22,149411,0,'Vitorino'),(1,'Wilian',22,149412,0,'Vitorino'),(1,'Douglas',22,149413,0,'Wilian'),(1,'Joni',22,149414,0,'Wilian'),(1,'Lyndon',22,149415,0,'Wilian'),(1,'Machado',22,149416,0,'Wilian'),(1,'Renato',22,149417,0,'Wilian'),(1,'Vitorino',22,149418,0,'Wilian'),(1,'Wilian',22,149419,0,'Wilian'),(1,'Douglas',23,149420,0,'Douglas'),(1,'Joni',23,149421,0,'Douglas'),(1,'Lyndon',23,149422,0,'Douglas'),(1,'Machado',23,149423,0,'Douglas'),(1,'Renato',23,149424,0,'Douglas'),(1,'Vitorino',23,149425,0,'Douglas'),(1,'Wilian',23,149426,0,'Douglas'),(1,'Douglas',23,149427,0,'Joni'),(1,'Joni',23,149428,0,'Joni'),(1,'Lyndon',23,149429,0,'Joni'),(1,'Machado',23,149430,0,'Joni'),(1,'Renato',23,149431,0,'Joni'),(1,'Vitorino',23,149432,0,'Joni'),(1,'Wilian',23,149433,0,'Joni'),(1,'Douglas',23,149434,0,'Lyndon'),(1,'Joni',23,149435,0,'Lyndon'),(1,'Lyndon',23,149436,0,'Lyndon'),(1,'Machado',23,149437,0,'Lyndon'),(1,'Renato',23,149438,0,'Lyndon'),(1,'Vitorino',23,149439,0,'Lyndon'),(1,'Wilian',23,149440,0,'Lyndon'),(1,'Douglas',23,149441,0,'Machado'),(1,'Joni',23,149442,0,'Machado'),(1,'Lyndon',23,149443,0,'Machado'),(1,'Machado',23,149444,0,'Machado'),(1,'Renato',23,149445,0,'Machado'),(1,'Vitorino',23,149446,0,'Machado'),(1,'Wilian',23,149447,0,'Machado'),(1,'Douglas',23,149448,0,'Renato'),(1,'Joni',23,149449,0,'Renato'),(1,'Lyndon',23,149450,0,'Renato'),(1,'Machado',23,149451,0,'Renato'),(1,'Renato',23,149452,0,'Renato'),(1,'Vitorino',23,149453,0,'Renato'),(1,'Wilian',23,149454,0,'Renato'),(1,'Douglas',23,149455,0,'Vitorino'),(1,'Joni',23,149456,0,'Vitorino'),(1,'Lyndon',23,149457,0,'Vitorino'),(1,'Machado',23,149458,0,'Vitorino'),(1,'Renato',23,149459,0,'Vitorino'),(1,'Vitorino',23,149460,0,'Vitorino'),(1,'Wilian',23,149461,0,'Vitorino'),(1,'Douglas',23,149462,0,'Wilian'),(1,'Joni',23,149463,0,'Wilian'),(1,'Lyndon',23,149464,0,'Wilian'),(1,'Machado',23,149465,0,'Wilian'),(1,'Renato',23,149466,0,'Wilian'),(1,'Vitorino',23,149467,0,'Wilian'),(1,'Wilian',23,149468,0,'Wilian'),(1,'Douglas',24,149469,0,'Douglas'),(1,'Joni',24,149470,0,'Douglas'),(1,'Lyndon',24,149471,0,'Douglas'),(1,'Machado',24,149472,0,'Douglas'),(1,'Renato',24,149473,0,'Douglas'),(1,'Vitorino',24,149474,0,'Douglas'),(1,'Wilian',24,149475,0,'Douglas'),(1,'Douglas',24,149476,0,'Joni'),(1,'Joni',24,149477,0,'Joni'),(1,'Lyndon',24,149478,0,'Joni'),(1,'Machado',24,149479,0,'Joni'),(1,'Renato',24,149480,0,'Joni'),(1,'Vitorino',24,149481,0,'Joni'),(1,'Wilian',24,149482,0,'Joni'),(1,'Douglas',24,149483,0,'Lyndon'),(1,'Joni',24,149484,0,'Lyndon'),(1,'Lyndon',24,149485,0,'Lyndon'),(1,'Machado',24,149486,0,'Lyndon'),(1,'Renato',24,149487,0,'Lyndon'),(1,'Vitorino',24,149488,0,'Lyndon'),(1,'Wilian',24,149489,0,'Lyndon'),(1,'Douglas',24,149490,0,'Machado'),(1,'Joni',24,149491,0,'Machado'),(1,'Lyndon',24,149492,0,'Machado'),(1,'Machado',24,149493,0,'Machado'),(1,'Renato',24,149494,0,'Machado'),(1,'Vitorino',24,149495,0,'Machado'),(1,'Wilian',24,149496,0,'Machado'),(1,'Douglas',24,149497,0,'Renato'),(1,'Joni',24,149498,0,'Renato'),(1,'Lyndon',24,149499,0,'Renato'),(1,'Machado',24,149500,0,'Renato'),(1,'Renato',24,149501,0,'Renato'),(1,'Vitorino',24,149502,0,'Renato'),(1,'Wilian',24,149503,0,'Renato'),(1,'Douglas',24,149504,0,'Vitorino'),(1,'Joni',24,149505,0,'Vitorino'),(1,'Lyndon',24,149506,0,'Vitorino'),(1,'Machado',24,149507,0,'Vitorino'),(1,'Renato',24,149508,0,'Vitorino'),(1,'Vitorino',24,149509,0,'Vitorino'),(1,'Wilian',24,149510,0,'Vitorino'),(1,'Douglas',24,149511,0,'Wilian'),(1,'Joni',24,149512,0,'Wilian'),(1,'Lyndon',24,149513,0,'Wilian'),(1,'Machado',24,149514,0,'Wilian'),(1,'Renato',24,149515,0,'Wilian'),(1,'Vitorino',24,149516,0,'Wilian'),(1,'Wilian',24,149517,0,'Wilian'),(1,'Douglas',25,149518,0,'Douglas'),(1,'Joni',25,149519,0,'Douglas'),(1,'Lyndon',25,149520,0,'Douglas'),(1,'Machado',25,149521,0,'Douglas'),(1,'Renato',25,149522,0,'Douglas'),(1,'Vitorino',25,149523,0,'Douglas'),(1,'Wilian',25,149524,0,'Douglas'),(1,'Douglas',25,149525,0,'Joni'),(1,'Joni',25,149526,0,'Joni'),(1,'Lyndon',25,149527,0,'Joni'),(1,'Machado',25,149528,0,'Joni'),(1,'Renato',25,149529,0,'Joni'),(1,'Vitorino',25,149530,0,'Joni'),(1,'Wilian',25,149531,0,'Joni'),(1,'Douglas',25,149532,0,'Lyndon'),(1,'Joni',25,149533,0,'Lyndon'),(1,'Lyndon',25,149534,0,'Lyndon'),(1,'Machado',25,149535,0,'Lyndon'),(1,'Renato',25,149536,0,'Lyndon'),(1,'Vitorino',25,149537,0,'Lyndon'),(1,'Wilian',25,149538,0,'Lyndon'),(1,'Douglas',25,149539,0,'Machado'),(1,'Joni',25,149540,0,'Machado'),(1,'Lyndon',25,149541,0,'Machado'),(1,'Machado',25,149542,0,'Machado'),(1,'Renato',25,149543,0,'Machado'),(1,'Vitorino',25,149544,0,'Machado'),(1,'Wilian',25,149545,0,'Machado'),(1,'Douglas',25,149546,0,'Renato'),(1,'Joni',25,149547,0,'Renato'),(1,'Lyndon',25,149548,0,'Renato'),(1,'Machado',25,149549,0,'Renato'),(1,'Renato',25,149550,0,'Renato'),(1,'Vitorino',25,149551,0,'Renato'),(1,'Wilian',25,149552,0,'Renato'),(1,'Douglas',25,149553,0,'Vitorino'),(1,'Joni',25,149554,0,'Vitorino'),(1,'Lyndon',25,149555,0,'Vitorino'),(1,'Machado',25,149556,0,'Vitorino'),(1,'Renato',25,149557,0,'Vitorino'),(1,'Vitorino',25,149558,0,'Vitorino'),(1,'Wilian',25,149559,0,'Vitorino'),(1,'Douglas',25,149560,0,'Wilian'),(1,'Joni',25,149561,0,'Wilian'),(1,'Lyndon',25,149562,0,'Wilian'),(1,'Machado',25,149563,0,'Wilian'),(1,'Renato',25,149564,0,'Wilian'),(1,'Vitorino',25,149565,0,'Wilian'),(1,'Wilian',25,149566,0,'Wilian'),(1,'Douglas',26,149567,0,'Douglas'),(1,'Joni',26,149568,0,'Douglas'),(1,'Lyndon',26,149569,0,'Douglas'),(1,'Machado',26,149570,0,'Douglas'),(1,'Renato',26,149571,0,'Douglas'),(1,'Vitorino',26,149572,0,'Douglas'),(1,'Wilian',26,149573,0,'Douglas'),(1,'Douglas',26,149574,0,'Joni'),(1,'Joni',26,149575,0,'Joni'),(1,'Lyndon',26,149576,0,'Joni'),(1,'Machado',26,149577,0,'Joni'),(1,'Renato',26,149578,0,'Joni'),(1,'Vitorino',26,149579,0,'Joni'),(1,'Wilian',26,149580,0,'Joni'),(1,'Douglas',26,149581,0,'Lyndon'),(1,'Joni',26,149582,0,'Lyndon'),(1,'Lyndon',26,149583,0,'Lyndon'),(1,'Machado',26,149584,0,'Lyndon'),(1,'Renato',26,149585,0,'Lyndon'),(1,'Vitorino',26,149586,0,'Lyndon'),(1,'Wilian',26,149587,0,'Lyndon'),(1,'Douglas',26,149588,0,'Machado'),(1,'Joni',26,149589,0,'Machado'),(1,'Lyndon',26,149590,0,'Machado'),(1,'Machado',26,149591,0,'Machado'),(1,'Renato',26,149592,0,'Machado'),(1,'Vitorino',26,149593,0,'Machado'),(1,'Wilian',26,149594,0,'Machado'),(1,'Douglas',26,149595,0,'Renato'),(1,'Joni',26,149596,0,'Renato'),(1,'Lyndon',26,149597,0,'Renato'),(1,'Machado',26,149598,0,'Renato'),(1,'Renato',26,149599,0,'Renato'),(1,'Vitorino',26,149600,0,'Renato'),(1,'Wilian',26,149601,0,'Renato'),(1,'Douglas',26,149602,0,'Vitorino'),(1,'Joni',26,149603,0,'Vitorino'),(1,'Lyndon',26,149604,0,'Vitorino'),(1,'Machado',26,149605,0,'Vitorino'),(1,'Renato',26,149606,0,'Vitorino'),(1,'Vitorino',26,149607,0,'Vitorino'),(1,'Wilian',26,149608,0,'Vitorino'),(1,'Douglas',26,149609,0,'Wilian'),(1,'Joni',26,149610,0,'Wilian'),(1,'Lyndon',26,149611,0,'Wilian'),(1,'Machado',26,149612,0,'Wilian'),(1,'Renato',26,149613,0,'Wilian'),(1,'Vitorino',26,149614,0,'Wilian'),(1,'Wilian',26,149615,0,'Wilian'),(1,'Douglas',27,149616,0,'Douglas'),(1,'Joni',27,149617,0,'Douglas'),(1,'Lyndon',27,149618,0,'Douglas'),(1,'Machado',27,149619,0,'Douglas'),(1,'Renato',27,149620,0,'Douglas'),(1,'Vitorino',27,149621,0,'Douglas'),(1,'Wilian',27,149622,0,'Douglas'),(1,'Douglas',27,149623,0,'Joni'),(1,'Joni',27,149624,0,'Joni'),(1,'Lyndon',27,149625,0,'Joni'),(1,'Machado',27,149626,0,'Joni'),(1,'Renato',27,149627,0,'Joni'),(1,'Vitorino',27,149628,0,'Joni'),(1,'Wilian',27,149629,0,'Joni'),(1,'Douglas',27,149630,0,'Lyndon'),(1,'Joni',27,149631,0,'Lyndon'),(1,'Lyndon',27,149632,0,'Lyndon'),(1,'Machado',27,149633,0,'Lyndon'),(1,'Renato',27,149634,0,'Lyndon'),(1,'Vitorino',27,149635,0,'Lyndon'),(1,'Wilian',27,149636,0,'Lyndon'),(1,'Douglas',27,149637,0,'Machado'),(1,'Joni',27,149638,0,'Machado'),(1,'Lyndon',27,149639,0,'Machado'),(1,'Machado',27,149640,0,'Machado'),(1,'Renato',27,149641,0,'Machado'),(1,'Vitorino',27,149642,0,'Machado'),(1,'Wilian',27,149643,0,'Machado'),(1,'Douglas',27,149644,0,'Renato'),(1,'Joni',27,149645,0,'Renato'),(1,'Lyndon',27,149646,0,'Renato'),(1,'Machado',27,149647,0,'Renato'),(1,'Renato',27,149648,0,'Renato'),(1,'Vitorino',27,149649,0,'Renato'),(1,'Wilian',27,149650,0,'Renato'),(1,'Douglas',27,149651,0,'Vitorino'),(1,'Joni',27,149652,0,'Vitorino'),(1,'Lyndon',27,149653,0,'Vitorino'),(1,'Machado',27,149654,0,'Vitorino'),(1,'Renato',27,149655,0,'Vitorino'),(1,'Vitorino',27,149656,0,'Vitorino'),(1,'Wilian',27,149657,0,'Vitorino'),(1,'Douglas',27,149658,0,'Wilian'),(1,'Joni',27,149659,0,'Wilian'),(1,'Lyndon',27,149660,0,'Wilian'),(1,'Machado',27,149661,0,'Wilian'),(1,'Renato',27,149662,0,'Wilian'),(1,'Vitorino',27,149663,0,'Wilian'),(1,'Wilian',27,149664,0,'Wilian'),(1,'Douglas',28,149665,0,'Douglas'),(1,'Joni',28,149666,0,'Douglas'),(1,'Lyndon',28,149667,0,'Douglas'),(1,'Machado',28,149668,0,'Douglas'),(1,'Renato',28,149669,0,'Douglas'),(1,'Vitorino',28,149670,0,'Douglas'),(1,'Wilian',28,149671,0,'Douglas'),(1,'Douglas',28,149672,0,'Joni'),(1,'Joni',28,149673,0,'Joni'),(1,'Lyndon',28,149674,0,'Joni'),(1,'Machado',28,149675,0,'Joni'),(1,'Renato',28,149676,0,'Joni'),(1,'Vitorino',28,149677,0,'Joni'),(1,'Wilian',28,149678,0,'Joni'),(1,'Douglas',28,149679,0,'Lyndon'),(1,'Joni',28,149680,0,'Lyndon'),(1,'Lyndon',28,149681,0,'Lyndon'),(1,'Machado',28,149682,0,'Lyndon'),(1,'Renato',28,149683,0,'Lyndon'),(1,'Vitorino',28,149684,0,'Lyndon'),(1,'Wilian',28,149685,0,'Lyndon'),(1,'Douglas',28,149686,0,'Machado'),(1,'Joni',28,149687,0,'Machado'),(1,'Lyndon',28,149688,0,'Machado'),(1,'Machado',28,149689,0,'Machado'),(1,'Renato',28,149690,0,'Machado'),(1,'Vitorino',28,149691,0,'Machado'),(1,'Wilian',28,149692,0,'Machado'),(1,'Douglas',28,149693,0,'Renato'),(1,'Joni',28,149694,0,'Renato'),(1,'Lyndon',28,149695,0,'Renato'),(1,'Machado',28,149696,0,'Renato'),(1,'Renato',28,149697,0,'Renato'),(1,'Vitorino',28,149698,0,'Renato'),(1,'Wilian',28,149699,0,'Renato'),(1,'Douglas',28,149700,0,'Vitorino'),(1,'Joni',28,149701,0,'Vitorino'),(1,'Lyndon',28,149702,0,'Vitorino'),(1,'Machado',28,149703,0,'Vitorino'),(1,'Renato',28,149704,0,'Vitorino'),(1,'Vitorino',28,149705,0,'Vitorino'),(1,'Wilian',28,149706,0,'Vitorino'),(1,'Douglas',28,149707,0,'Wilian'),(1,'Joni',28,149708,0,'Wilian'),(1,'Lyndon',28,149709,0,'Wilian'),(1,'Machado',28,149710,0,'Wilian'),(1,'Renato',28,149711,0,'Wilian'),(1,'Vitorino',28,149712,0,'Wilian'),(1,'Wilian',28,149713,0,'Wilian'),(1,'Douglas',29,149714,0,'Douglas'),(1,'Joni',29,149715,0,'Douglas'),(1,'Lyndon',29,149716,0,'Douglas'),(1,'Machado',29,149717,0,'Douglas'),(1,'Renato',29,149718,0,'Douglas'),(1,'Vitorino',29,149719,0,'Douglas'),(1,'Wilian',29,149720,0,'Douglas'),(1,'Douglas',29,149721,0,'Joni'),(1,'Joni',29,149722,0,'Joni'),(1,'Lyndon',29,149723,0,'Joni'),(1,'Machado',29,149724,0,'Joni'),(1,'Renato',29,149725,0,'Joni'),(1,'Vitorino',29,149726,0,'Joni'),(1,'Wilian',29,149727,0,'Joni'),(1,'Douglas',29,149728,0,'Lyndon'),(1,'Joni',29,149729,0,'Lyndon'),(1,'Lyndon',29,149730,0,'Lyndon'),(1,'Machado',29,149731,0,'Lyndon'),(1,'Renato',29,149732,0,'Lyndon'),(1,'Vitorino',29,149733,0,'Lyndon'),(1,'Wilian',29,149734,0,'Lyndon'),(1,'Douglas',29,149735,0,'Machado'),(1,'Joni',29,149736,0,'Machado'),(1,'Lyndon',29,149737,0,'Machado'),(1,'Machado',29,149738,0,'Machado'),(1,'Renato',29,149739,0,'Machado'),(1,'Vitorino',29,149740,0,'Machado'),(1,'Wilian',29,149741,0,'Machado'),(1,'Douglas',29,149742,0,'Renato'),(1,'Joni',29,149743,0,'Renato'),(1,'Lyndon',29,149744,0,'Renato'),(1,'Machado',29,149745,0,'Renato'),(1,'Renato',29,149746,0,'Renato'),(1,'Vitorino',29,149747,0,'Renato'),(1,'Wilian',29,149748,0,'Renato'),(1,'Douglas',29,149749,0,'Vitorino'),(1,'Joni',29,149750,0,'Vitorino'),(1,'Lyndon',29,149751,0,'Vitorino'),(1,'Machado',29,149752,0,'Vitorino'),(1,'Renato',29,149753,0,'Vitorino'),(1,'Vitorino',29,149754,0,'Vitorino'),(1,'Wilian',29,149755,0,'Vitorino'),(1,'Douglas',29,149756,0,'Wilian'),(1,'Joni',29,149757,0,'Wilian'),(1,'Lyndon',29,149758,0,'Wilian'),(1,'Machado',29,149759,0,'Wilian'),(1,'Renato',29,149760,0,'Wilian'),(1,'Vitorino',29,149761,0,'Wilian'),(1,'Wilian',29,149762,0,'Wilian'),(1,'Douglas',30,149763,0,'Douglas'),(1,'Joni',30,149764,0,'Douglas'),(1,'Lyndon',30,149765,0,'Douglas'),(1,'Machado',30,149766,0,'Douglas'),(1,'Renato',30,149767,0,'Douglas'),(1,'Vitorino',30,149768,0,'Douglas'),(1,'Wilian',30,149769,0,'Douglas'),(1,'Douglas',30,149770,0,'Joni'),(1,'Joni',30,149771,0,'Joni'),(1,'Lyndon',30,149772,0,'Joni'),(1,'Machado',30,149773,0,'Joni'),(1,'Renato',30,149774,0,'Joni'),(1,'Vitorino',30,149775,0,'Joni'),(1,'Wilian',30,149776,0,'Joni'),(1,'Douglas',30,149777,0,'Lyndon'),(1,'Joni',30,149778,0,'Lyndon'),(1,'Lyndon',30,149779,0,'Lyndon'),(1,'Machado',30,149780,0,'Lyndon'),(1,'Renato',30,149781,0,'Lyndon'),(1,'Vitorino',30,149782,0,'Lyndon'),(1,'Wilian',30,149783,0,'Lyndon'),(1,'Douglas',30,149784,0,'Machado'),(1,'Joni',30,149785,0,'Machado'),(1,'Lyndon',30,149786,0,'Machado'),(1,'Machado',30,149787,0,'Machado'),(1,'Renato',30,149788,0,'Machado'),(1,'Vitorino',30,149789,0,'Machado'),(1,'Wilian',30,149790,0,'Machado'),(1,'Douglas',30,149791,0,'Renato'),(1,'Joni',30,149792,0,'Renato'),(1,'Lyndon',30,149793,0,'Renato'),(1,'Machado',30,149794,0,'Renato'),(1,'Renato',30,149795,0,'Renato'),(1,'Vitorino',30,149796,0,'Renato'),(1,'Wilian',30,149797,0,'Renato'),(1,'Douglas',30,149798,0,'Vitorino'),(1,'Joni',30,149799,0,'Vitorino'),(1,'Lyndon',30,149800,0,'Vitorino'),(1,'Machado',30,149801,0,'Vitorino'),(1,'Renato',30,149802,0,'Vitorino'),(1,'Vitorino',30,149803,0,'Vitorino'),(1,'Wilian',30,149804,0,'Vitorino'),(1,'Douglas',30,149805,0,'Wilian'),(1,'Joni',30,149806,0,'Wilian'),(1,'Lyndon',30,149807,0,'Wilian'),(1,'Machado',30,149808,0,'Wilian'),(1,'Renato',30,149809,0,'Wilian'),(1,'Vitorino',30,149810,0,'Wilian'),(1,'Wilian',30,149811,0,'Wilian'),(1,'Douglas',31,149812,0,'Douglas'),(1,'Joni',31,149813,0,'Douglas'),(1,'Lyndon',31,149814,0,'Douglas'),(1,'Machado',31,149815,0,'Douglas'),(1,'Renato',31,149816,0,'Douglas'),(1,'Vitorino',31,149817,0,'Douglas'),(1,'Wilian',31,149818,0,'Douglas'),(1,'Douglas',31,149819,0,'Joni'),(1,'Joni',31,149820,0,'Joni'),(1,'Lyndon',31,149821,0,'Joni'),(1,'Machado',31,149822,0,'Joni'),(1,'Renato',31,149823,0,'Joni'),(1,'Vitorino',31,149824,0,'Joni'),(1,'Wilian',31,149825,0,'Joni'),(1,'Douglas',31,149826,0,'Lyndon'),(1,'Joni',31,149827,0,'Lyndon'),(1,'Lyndon',31,149828,0,'Lyndon'),(1,'Machado',31,149829,0,'Lyndon'),(1,'Renato',31,149830,0,'Lyndon'),(1,'Vitorino',31,149831,0,'Lyndon'),(1,'Wilian',31,149832,0,'Lyndon'),(1,'Douglas',31,149833,0,'Machado'),(1,'Joni',31,149834,0,'Machado'),(1,'Lyndon',31,149835,0,'Machado'),(1,'Machado',31,149836,0,'Machado'),(1,'Renato',31,149837,0,'Machado'),(1,'Vitorino',31,149838,0,'Machado'),(1,'Wilian',31,149839,0,'Machado'),(1,'Douglas',31,149840,0,'Renato'),(1,'Joni',31,149841,0,'Renato'),(1,'Lyndon',31,149842,0,'Renato'),(1,'Machado',31,149843,0,'Renato'),(1,'Renato',31,149844,0,'Renato'),(1,'Vitorino',31,149845,0,'Renato'),(1,'Wilian',31,149846,0,'Renato'),(1,'Douglas',31,149847,0,'Vitorino'),(1,'Joni',31,149848,0,'Vitorino'),(1,'Lyndon',31,149849,0,'Vitorino'),(1,'Machado',31,149850,0,'Vitorino'),(1,'Renato',31,149851,0,'Vitorino'),(1,'Vitorino',31,149852,0,'Vitorino'),(1,'Wilian',31,149853,0,'Vitorino'),(1,'Douglas',31,149854,0,'Wilian'),(1,'Joni',31,149855,0,'Wilian'),(1,'Lyndon',31,149856,0,'Wilian'),(1,'Machado',31,149857,0,'Wilian'),(1,'Renato',31,149858,0,'Wilian'),(1,'Vitorino',31,149859,0,'Wilian'),(1,'Wilian',31,149860,0,'Wilian'),(1,'Douglas',32,149861,0,'Douglas'),(1,'Joni',32,149862,0,'Douglas'),(1,'Lyndon',32,149863,0,'Douglas'),(1,'Machado',32,149864,0,'Douglas'),(1,'Renato',32,149865,0,'Douglas'),(1,'Vitorino',32,149866,0,'Douglas'),(1,'Wilian',32,149867,0,'Douglas'),(1,'Douglas',32,149868,0,'Joni'),(1,'Joni',32,149869,0,'Joni'),(1,'Lyndon',32,149870,0,'Joni'),(1,'Machado',32,149871,0,'Joni'),(1,'Renato',32,149872,0,'Joni'),(1,'Vitorino',32,149873,0,'Joni'),(1,'Wilian',32,149874,0,'Joni'),(1,'Douglas',32,149875,0,'Lyndon'),(1,'Joni',32,149876,0,'Lyndon'),(1,'Lyndon',32,149877,0,'Lyndon'),(1,'Machado',32,149878,0,'Lyndon'),(1,'Renato',32,149879,0,'Lyndon'),(1,'Vitorino',32,149880,0,'Lyndon'),(1,'Wilian',32,149881,0,'Lyndon'),(1,'Douglas',32,149882,0,'Machado'),(1,'Joni',32,149883,0,'Machado'),(1,'Lyndon',32,149884,0,'Machado'),(1,'Machado',32,149885,0,'Machado'),(1,'Renato',32,149886,0,'Machado'),(1,'Vitorino',32,149887,0,'Machado'),(1,'Wilian',32,149888,0,'Machado'),(1,'Douglas',32,149889,0,'Renato'),(1,'Joni',32,149890,0,'Renato'),(1,'Lyndon',32,149891,0,'Renato'),(1,'Machado',32,149892,0,'Renato'),(1,'Renato',32,149893,0,'Renato'),(1,'Vitorino',32,149894,0,'Renato'),(1,'Wilian',32,149895,0,'Renato'),(1,'Douglas',32,149896,0,'Vitorino'),(1,'Joni',32,149897,0,'Vitorino'),(1,'Lyndon',32,149898,0,'Vitorino'),(1,'Machado',32,149899,0,'Vitorino'),(1,'Renato',32,149900,0,'Vitorino'),(1,'Vitorino',32,149901,0,'Vitorino'),(1,'Wilian',32,149902,0,'Vitorino'),(1,'Douglas',32,149903,0,'Wilian'),(1,'Joni',32,149904,0,'Wilian'),(1,'Lyndon',32,149905,0,'Wilian'),(1,'Machado',32,149906,0,'Wilian'),(1,'Renato',32,149907,0,'Wilian'),(1,'Vitorino',32,149908,0,'Wilian'),(1,'Wilian',32,149909,0,'Wilian'),(1,'Douglas',33,149910,0,'Douglas'),(1,'Joni',33,149911,0,'Douglas'),(1,'Lyndon',33,149912,0,'Douglas'),(1,'Machado',33,149913,0,'Douglas'),(1,'Renato',33,149914,0,'Douglas'),(1,'Vitorino',33,149915,0,'Douglas'),(1,'Wilian',33,149916,0,'Douglas'),(1,'Douglas',33,149917,0,'Joni'),(1,'Joni',33,149918,0,'Joni'),(1,'Lyndon',33,149919,0,'Joni'),(1,'Machado',33,149920,0,'Joni'),(1,'Renato',33,149921,0,'Joni'),(1,'Vitorino',33,149922,0,'Joni'),(1,'Wilian',33,149923,0,'Joni'),(1,'Douglas',33,149924,0,'Lyndon'),(1,'Joni',33,149925,0,'Lyndon'),(1,'Lyndon',33,149926,0,'Lyndon'),(1,'Machado',33,149927,0,'Lyndon'),(1,'Renato',33,149928,0,'Lyndon'),(1,'Vitorino',33,149929,0,'Lyndon'),(1,'Wilian',33,149930,0,'Lyndon'),(1,'Douglas',33,149931,0,'Machado'),(1,'Joni',33,149932,0,'Machado'),(1,'Lyndon',33,149933,0,'Machado'),(1,'Machado',33,149934,0,'Machado'),(1,'Renato',33,149935,0,'Machado'),(1,'Vitorino',33,149936,0,'Machado'),(1,'Wilian',33,149937,0,'Machado'),(1,'Douglas',33,149938,0,'Renato'),(1,'Joni',33,149939,0,'Renato'),(1,'Lyndon',33,149940,0,'Renato'),(1,'Machado',33,149941,0,'Renato'),(1,'Renato',33,149942,0,'Renato'),(1,'Vitorino',33,149943,0,'Renato'),(1,'Wilian',33,149944,0,'Renato'),(1,'Douglas',33,149945,0,'Vitorino'),(1,'Joni',33,149946,0,'Vitorino'),(1,'Lyndon',33,149947,0,'Vitorino'),(1,'Machado',33,149948,0,'Vitorino'),(1,'Renato',33,149949,0,'Vitorino'),(1,'Vitorino',33,149950,0,'Vitorino'),(1,'Wilian',33,149951,0,'Vitorino'),(1,'Douglas',33,149952,0,'Wilian'),(1,'Joni',33,149953,0,'Wilian'),(1,'Lyndon',33,149954,0,'Wilian'),(1,'Machado',33,149955,0,'Wilian'),(1,'Renato',33,149956,0,'Wilian'),(1,'Vitorino',33,149957,0,'Wilian'),(1,'Wilian',33,149958,0,'Wilian'),(1,'Douglas',35,149959,0,'Douglas'),(1,'Joni',35,149960,0,'Douglas'),(1,'Lyndon',35,149961,0,'Douglas'),(1,'Machado',35,149962,0,'Douglas'),(1,'Renato',35,149963,0,'Douglas'),(1,'Vitorino',35,149964,0,'Douglas'),(1,'Wilian',35,149965,0,'Douglas'),(1,'Douglas',35,149966,0,'Joni'),(1,'Joni',35,149967,0,'Joni'),(1,'Lyndon',35,149968,0,'Joni'),(1,'Machado',35,149969,0,'Joni'),(1,'Renato',35,149970,0,'Joni'),(1,'Vitorino',35,149971,0,'Joni'),(1,'Wilian',35,149972,0,'Joni'),(1,'Douglas',35,149973,0,'Lyndon'),(1,'Joni',35,149974,0,'Lyndon'),(1,'Lyndon',35,149975,0,'Lyndon'),(1,'Machado',35,149976,0,'Lyndon'),(1,'Renato',35,149977,0,'Lyndon'),(1,'Vitorino',35,149978,0,'Lyndon'),(1,'Wilian',35,149979,0,'Lyndon'),(1,'Douglas',35,149980,0,'Machado'),(1,'Joni',35,149981,0,'Machado'),(1,'Lyndon',35,149982,0,'Machado'),(1,'Machado',35,149983,0,'Machado'),(1,'Renato',35,149984,0,'Machado'),(1,'Vitorino',35,149985,0,'Machado'),(1,'Wilian',35,149986,0,'Machado'),(1,'Douglas',35,149987,0,'Renato'),(1,'Joni',35,149988,0,'Renato'),(1,'Lyndon',35,149989,0,'Renato'),(1,'Machado',35,149990,0,'Renato'),(1,'Renato',35,149991,0,'Renato'),(1,'Vitorino',35,149992,0,'Renato'),(1,'Wilian',35,149993,0,'Renato'),(1,'Douglas',35,149994,0,'Vitorino'),(1,'Joni',35,149995,0,'Vitorino'),(1,'Lyndon',35,149996,0,'Vitorino'),(1,'Machado',35,149997,0,'Vitorino'),(1,'Renato',35,149998,0,'Vitorino'),(1,'Vitorino',35,149999,0,'Vitorino'),(1,'Wilian',35,150000,0,'Vitorino'),(1,'Douglas',35,150001,0,'Wilian'),(1,'Joni',35,150002,0,'Wilian'),(1,'Lyndon',35,150003,0,'Wilian'),(1,'Machado',35,150004,0,'Wilian'),(1,'Renato',35,150005,0,'Wilian'),(1,'Vitorino',35,150006,0,'Wilian'),(1,'Wilian',35,150007,0,'Wilian'),(1,'Douglas',36,150008,0,'Douglas'),(1,'Joni',36,150009,0,'Douglas'),(1,'Lyndon',36,150010,0,'Douglas'),(1,'Machado',36,150011,0,'Douglas'),(1,'Renato',36,150012,0,'Douglas'),(1,'Vitorino',36,150013,0,'Douglas'),(1,'Wilian',36,150014,0,'Douglas'),(1,'Douglas',36,150015,0,'Joni'),(1,'Joni',36,150016,0,'Joni'),(1,'Lyndon',36,150017,0,'Joni'),(1,'Machado',36,150018,0,'Joni'),(1,'Renato',36,150019,0,'Joni'),(1,'Vitorino',36,150020,0,'Joni'),(1,'Wilian',36,150021,0,'Joni'),(1,'Douglas',36,150022,0,'Lyndon'),(1,'Joni',36,150023,0,'Lyndon'),(1,'Lyndon',36,150024,0,'Lyndon'),(1,'Machado',36,150025,0,'Lyndon'),(1,'Renato',36,150026,0,'Lyndon'),(1,'Vitorino',36,150027,0,'Lyndon'),(1,'Wilian',36,150028,0,'Lyndon'),(1,'Douglas',36,150029,0,'Machado'),(1,'Joni',36,150030,0,'Machado'),(1,'Lyndon',36,150031,0,'Machado'),(1,'Machado',36,150032,0,'Machado'),(1,'Renato',36,150033,0,'Machado'),(1,'Vitorino',36,150034,0,'Machado'),(1,'Wilian',36,150035,0,'Machado'),(1,'Douglas',36,150036,0,'Renato'),(1,'Joni',36,150037,0,'Renato'),(1,'Lyndon',36,150038,0,'Renato'),(1,'Machado',36,150039,0,'Renato'),(1,'Renato',36,150040,0,'Renato'),(1,'Vitorino',36,150041,0,'Renato'),(1,'Wilian',36,150042,0,'Renato'),(1,'Douglas',36,150043,0,'Vitorino'),(1,'Joni',36,150044,0,'Vitorino'),(1,'Lyndon',36,150045,0,'Vitorino'),(1,'Machado',36,150046,0,'Vitorino'),(1,'Renato',36,150047,0,'Vitorino'),(1,'Vitorino',36,150048,0,'Vitorino'),(1,'Wilian',36,150049,0,'Vitorino'),(1,'Douglas',36,150050,0,'Wilian'),(1,'Joni',36,150051,0,'Wilian'),(1,'Lyndon',36,150052,0,'Wilian'),(1,'Machado',36,150053,0,'Wilian'),(1,'Renato',36,150054,0,'Wilian'),(1,'Vitorino',36,150055,0,'Wilian'),(1,'Wilian',36,150056,0,'Wilian'),(1,'Douglas',37,150057,0,'Douglas'),(1,'Joni',37,150058,0,'Douglas'),(1,'Lyndon',37,150059,0,'Douglas'),(1,'Machado',37,150060,0,'Douglas'),(1,'Renato',37,150061,0,'Douglas'),(1,'Vitorino',37,150062,0,'Douglas'),(1,'Wilian',37,150063,0,'Douglas'),(1,'Douglas',37,150064,0,'Joni'),(1,'Joni',37,150065,0,'Joni'),(1,'Lyndon',37,150066,0,'Joni'),(1,'Machado',37,150067,0,'Joni'),(1,'Renato',37,150068,0,'Joni'),(1,'Vitorino',37,150069,0,'Joni'),(1,'Wilian',37,150070,0,'Joni'),(1,'Douglas',37,150071,0,'Lyndon'),(1,'Joni',37,150072,0,'Lyndon'),(1,'Lyndon',37,150073,0,'Lyndon'),(1,'Machado',37,150074,0,'Lyndon'),(1,'Renato',37,150075,0,'Lyndon'),(1,'Vitorino',37,150076,0,'Lyndon'),(1,'Wilian',37,150077,0,'Lyndon'),(1,'Douglas',37,150078,0,'Machado'),(1,'Joni',37,150079,0,'Machado'),(1,'Lyndon',37,150080,0,'Machado'),(1,'Machado',37,150081,0,'Machado'),(1,'Renato',37,150082,0,'Machado'),(1,'Vitorino',37,150083,0,'Machado'),(1,'Wilian',37,150084,0,'Machado'),(1,'Douglas',37,150085,0,'Renato'),(1,'Joni',37,150086,0,'Renato'),(1,'Lyndon',37,150087,0,'Renato'),(1,'Machado',37,150088,0,'Renato'),(1,'Renato',37,150089,0,'Renato'),(1,'Vitorino',37,150090,0,'Renato'),(1,'Wilian',37,150091,0,'Renato'),(1,'Douglas',37,150092,0,'Vitorino'),(1,'Joni',37,150093,0,'Vitorino'),(1,'Lyndon',37,150094,0,'Vitorino'),(1,'Machado',37,150095,0,'Vitorino'),(1,'Renato',37,150096,0,'Vitorino'),(1,'Vitorino',37,150097,0,'Vitorino'),(1,'Wilian',37,150098,0,'Vitorino'),(1,'Douglas',37,150099,0,'Wilian'),(1,'Joni',37,150100,0,'Wilian'),(1,'Lyndon',37,150101,0,'Wilian'),(1,'Machado',37,150102,0,'Wilian'),(1,'Renato',37,150103,0,'Wilian'),(1,'Vitorino',37,150104,0,'Wilian'),(1,'Wilian',37,150105,0,'Wilian'),(1,'Douglas',38,150106,0,'Douglas'),(1,'Joni',38,150107,0,'Douglas'),(1,'Lyndon',38,150108,0,'Douglas'),(1,'Machado',38,150109,0,'Douglas'),(1,'Renato',38,150110,0,'Douglas'),(1,'Vitorino',38,150111,0,'Douglas'),(1,'Wilian',38,150112,0,'Douglas'),(1,'Douglas',38,150113,0,'Joni'),(1,'Joni',38,150114,0,'Joni'),(1,'Lyndon',38,150115,0,'Joni'),(1,'Machado',38,150116,0,'Joni'),(1,'Renato',38,150117,0,'Joni'),(1,'Vitorino',38,150118,0,'Joni'),(1,'Wilian',38,150119,0,'Joni'),(1,'Douglas',38,150120,0,'Lyndon'),(1,'Joni',38,150121,0,'Lyndon'),(1,'Lyndon',38,150122,0,'Lyndon'),(1,'Machado',38,150123,0,'Lyndon'),(1,'Renato',38,150124,0,'Lyndon'),(1,'Vitorino',38,150125,0,'Lyndon'),(1,'Wilian',38,150126,0,'Lyndon'),(1,'Douglas',38,150127,0,'Machado'),(1,'Joni',38,150128,0,'Machado'),(1,'Lyndon',38,150129,0,'Machado'),(1,'Machado',38,150130,0,'Machado'),(1,'Renato',38,150131,0,'Machado'),(1,'Vitorino',38,150132,0,'Machado'),(1,'Wilian',38,150133,0,'Machado'),(1,'Douglas',38,150134,0,'Renato'),(1,'Joni',38,150135,0,'Renato'),(1,'Lyndon',38,150136,0,'Renato'),(1,'Machado',38,150137,0,'Renato'),(1,'Renato',38,150138,0,'Renato'),(1,'Vitorino',38,150139,0,'Renato'),(1,'Wilian',38,150140,0,'Renato'),(1,'Douglas',38,150141,0,'Vitorino'),(1,'Joni',38,150142,0,'Vitorino'),(1,'Lyndon',38,150143,0,'Vitorino'),(1,'Machado',38,150144,0,'Vitorino'),(1,'Renato',38,150145,0,'Vitorino'),(1,'Vitorino',38,150146,0,'Vitorino'),(1,'Wilian',38,150147,0,'Vitorino'),(1,'Douglas',38,150148,0,'Wilian'),(1,'Joni',38,150149,0,'Wilian'),(1,'Lyndon',38,150150,0,'Wilian'),(1,'Machado',38,150151,0,'Wilian'),(1,'Renato',38,150152,0,'Wilian'),(1,'Vitorino',38,150153,0,'Wilian'),(1,'Wilian',38,150154,0,'Wilian'),(1,'Douglas',39,150155,0,'Douglas'),(1,'Joni',39,150156,0,'Douglas'),(1,'Lyndon',39,150157,0,'Douglas'),(1,'Machado',39,150158,0,'Douglas'),(1,'Renato',39,150159,0,'Douglas'),(1,'Vitorino',39,150160,0,'Douglas'),(1,'Wilian',39,150161,0,'Douglas'),(1,'Douglas',39,150162,0,'Joni'),(1,'Joni',39,150163,0,'Joni'),(1,'Lyndon',39,150164,0,'Joni'),(1,'Machado',39,150165,0,'Joni'),(1,'Renato',39,150166,0,'Joni'),(1,'Vitorino',39,150167,0,'Joni'),(1,'Wilian',39,150168,0,'Joni'),(1,'Douglas',39,150169,0,'Lyndon'),(1,'Joni',39,150170,0,'Lyndon'),(1,'Lyndon',39,150171,0,'Lyndon'),(1,'Machado',39,150172,0,'Lyndon'),(1,'Renato',39,150173,0,'Lyndon'),(1,'Vitorino',39,150174,0,'Lyndon'),(1,'Wilian',39,150175,0,'Lyndon'),(1,'Douglas',39,150176,0,'Machado'),(1,'Joni',39,150177,0,'Machado'),(1,'Lyndon',39,150178,0,'Machado'),(1,'Machado',39,150179,0,'Machado'),(1,'Renato',39,150180,0,'Machado'),(1,'Vitorino',39,150181,0,'Machado'),(1,'Wilian',39,150182,0,'Machado'),(1,'Douglas',39,150183,0,'Renato'),(1,'Joni',39,150184,0,'Renato'),(1,'Lyndon',39,150185,0,'Renato'),(1,'Machado',39,150186,0,'Renato'),(1,'Renato',39,150187,0,'Renato'),(1,'Vitorino',39,150188,0,'Renato'),(1,'Wilian',39,150189,0,'Renato'),(1,'Douglas',39,150190,0,'Vitorino'),(1,'Joni',39,150191,0,'Vitorino'),(1,'Lyndon',39,150192,0,'Vitorino'),(1,'Machado',39,150193,0,'Vitorino'),(1,'Renato',39,150194,0,'Vitorino'),(1,'Vitorino',39,150195,0,'Vitorino'),(1,'Wilian',39,150196,0,'Vitorino'),(1,'Douglas',39,150197,0,'Wilian'),(1,'Joni',39,150198,0,'Wilian'),(1,'Lyndon',39,150199,0,'Wilian'),(1,'Machado',39,150200,0,'Wilian'),(1,'Renato',39,150201,0,'Wilian'),(1,'Vitorino',39,150202,0,'Wilian'),(1,'Wilian',39,150203,0,'Wilian'),(1,'Douglas',40,150204,0,'Douglas'),(1,'Joni',40,150205,0,'Douglas'),(1,'Lyndon',40,150206,0,'Douglas'),(1,'Machado',40,150207,0,'Douglas'),(1,'Renato',40,150208,0,'Douglas'),(1,'Vitorino',40,150209,0,'Douglas'),(1,'Wilian',40,150210,0,'Douglas'),(1,'Douglas',40,150211,0,'Joni'),(1,'Joni',40,150212,0,'Joni'),(1,'Lyndon',40,150213,0,'Joni'),(1,'Machado',40,150214,0,'Joni'),(1,'Renato',40,150215,0,'Joni'),(1,'Vitorino',40,150216,0,'Joni'),(1,'Wilian',40,150217,0,'Joni'),(1,'Douglas',40,150218,0,'Lyndon'),(1,'Joni',40,150219,0,'Lyndon'),(1,'Lyndon',40,150220,0,'Lyndon'),(1,'Machado',40,150221,0,'Lyndon'),(1,'Renato',40,150222,0,'Lyndon'),(1,'Vitorino',40,150223,0,'Lyndon'),(1,'Wilian',40,150224,0,'Lyndon'),(1,'Douglas',40,150225,0,'Machado'),(1,'Joni',40,150226,0,'Machado'),(1,'Lyndon',40,150227,0,'Machado'),(1,'Machado',40,150228,0,'Machado'),(1,'Renato',40,150229,0,'Machado'),(1,'Vitorino',40,150230,0,'Machado'),(1,'Wilian',40,150231,0,'Machado'),(1,'Douglas',40,150232,0,'Renato'),(1,'Joni',40,150233,0,'Renato'),(1,'Lyndon',40,150234,0,'Renato'),(1,'Machado',40,150235,0,'Renato'),(1,'Renato',40,150236,0,'Renato'),(1,'Vitorino',40,150237,0,'Renato'),(1,'Wilian',40,150238,0,'Renato'),(1,'Douglas',40,150239,0,'Vitorino'),(1,'Joni',40,150240,0,'Vitorino'),(1,'Lyndon',40,150241,0,'Vitorino'),(1,'Machado',40,150242,0,'Vitorino'),(1,'Renato',40,150243,0,'Vitorino'),(1,'Vitorino',40,150244,0,'Vitorino'),(1,'Wilian',40,150245,0,'Vitorino'),(1,'Douglas',40,150246,0,'Wilian'),(1,'Joni',40,150247,0,'Wilian'),(1,'Lyndon',40,150248,0,'Wilian'),(1,'Machado',40,150249,0,'Wilian'),(1,'Renato',40,150250,0,'Wilian'),(1,'Vitorino',40,150251,0,'Wilian'),(1,'Wilian',40,150252,0,'Wilian'),(1,'Douglas',41,150253,0,'Douglas'),(1,'Joni',41,150254,0,'Douglas'),(1,'Lyndon',41,150255,0,'Douglas'),(1,'Machado',41,150256,0,'Douglas'),(1,'Renato',41,150257,0,'Douglas'),(1,'Vitorino',41,150258,0,'Douglas'),(1,'Wilian',41,150259,0,'Douglas'),(1,'Douglas',41,150260,0,'Joni'),(1,'Joni',41,150261,0,'Joni'),(1,'Lyndon',41,150262,0,'Joni'),(1,'Machado',41,150263,0,'Joni'),(1,'Renato',41,150264,0,'Joni'),(1,'Vitorino',41,150265,0,'Joni'),(1,'Wilian',41,150266,0,'Joni'),(1,'Douglas',41,150267,0,'Lyndon'),(1,'Joni',41,150268,0,'Lyndon'),(1,'Lyndon',41,150269,0,'Lyndon'),(1,'Machado',41,150270,0,'Lyndon'),(1,'Renato',41,150271,0,'Lyndon'),(1,'Vitorino',41,150272,0,'Lyndon'),(1,'Wilian',41,150273,0,'Lyndon'),(1,'Douglas',41,150274,0,'Machado'),(1,'Joni',41,150275,0,'Machado'),(1,'Lyndon',41,150276,0,'Machado'),(1,'Machado',41,150277,0,'Machado'),(1,'Renato',41,150278,0,'Machado'),(1,'Vitorino',41,150279,0,'Machado'),(1,'Wilian',41,150280,0,'Machado'),(1,'Douglas',41,150281,0,'Renato'),(1,'Joni',41,150282,0,'Renato'),(1,'Lyndon',41,150283,0,'Renato'),(1,'Machado',41,150284,0,'Renato'),(1,'Renato',41,150285,0,'Renato'),(1,'Vitorino',41,150286,0,'Renato'),(1,'Wilian',41,150287,0,'Renato'),(1,'Douglas',41,150288,0,'Vitorino'),(1,'Joni',41,150289,0,'Vitorino'),(1,'Lyndon',41,150290,0,'Vitorino'),(1,'Machado',41,150291,0,'Vitorino'),(1,'Renato',41,150292,0,'Vitorino'),(1,'Vitorino',41,150293,0,'Vitorino'),(1,'Wilian',41,150294,0,'Vitorino'),(1,'Douglas',41,150295,0,'Wilian'),(1,'Joni',41,150296,0,'Wilian'),(1,'Lyndon',41,150297,0,'Wilian'),(1,'Machado',41,150298,0,'Wilian'),(1,'Renato',41,150299,0,'Wilian'),(1,'Vitorino',41,150300,0,'Wilian'),(1,'Wilian',41,150301,0,'Wilian'),(1,'Douglas',42,150302,0,'Douglas'),(1,'Joni',42,150303,0,'Douglas'),(1,'Lyndon',42,150304,0,'Douglas'),(1,'Machado',42,150305,0,'Douglas'),(1,'Renato',42,150306,0,'Douglas'),(1,'Vitorino',42,150307,0,'Douglas'),(1,'Wilian',42,150308,0,'Douglas'),(1,'Douglas',42,150309,0,'Joni'),(1,'Joni',42,150310,0,'Joni'),(1,'Lyndon',42,150311,0,'Joni'),(1,'Machado',42,150312,0,'Joni'),(1,'Renato',42,150313,0,'Joni'),(1,'Vitorino',42,150314,0,'Joni'),(1,'Wilian',42,150315,0,'Joni'),(1,'Douglas',42,150316,0,'Lyndon'),(1,'Joni',42,150317,0,'Lyndon'),(1,'Lyndon',42,150318,0,'Lyndon'),(1,'Machado',42,150319,0,'Lyndon'),(1,'Renato',42,150320,0,'Lyndon'),(1,'Vitorino',42,150321,0,'Lyndon'),(1,'Wilian',42,150322,0,'Lyndon'),(1,'Douglas',42,150323,0,'Machado'),(1,'Joni',42,150324,0,'Machado'),(1,'Lyndon',42,150325,0,'Machado'),(1,'Machado',42,150326,0,'Machado'),(1,'Renato',42,150327,0,'Machado'),(1,'Vitorino',42,150328,0,'Machado'),(1,'Wilian',42,150329,0,'Machado'),(1,'Douglas',42,150330,0,'Renato'),(1,'Joni',42,150331,0,'Renato'),(1,'Lyndon',42,150332,0,'Renato'),(1,'Machado',42,150333,0,'Renato'),(1,'Renato',42,150334,0,'Renato'),(1,'Vitorino',42,150335,0,'Renato'),(1,'Wilian',42,150336,0,'Renato'),(1,'Douglas',42,150337,0,'Vitorino'),(1,'Joni',42,150338,0,'Vitorino'),(1,'Lyndon',42,150339,0,'Vitorino'),(1,'Machado',42,150340,0,'Vitorino'),(1,'Renato',42,150341,0,'Vitorino'),(1,'Vitorino',42,150342,0,'Vitorino'),(1,'Wilian',42,150343,0,'Vitorino'),(1,'Douglas',42,150344,0,'Wilian'),(1,'Joni',42,150345,0,'Wilian'),(1,'Lyndon',42,150346,0,'Wilian'),(1,'Machado',42,150347,0,'Wilian'),(1,'Renato',42,150348,0,'Wilian'),(1,'Vitorino',42,150349,0,'Wilian'),(1,'Wilian',42,150350,0,'Wilian'),(1,'Douglas',43,150351,0,'Douglas'),(1,'Joni',43,150352,0,'Douglas'),(1,'Lyndon',43,150353,0,'Douglas'),(1,'Machado',43,150354,0,'Douglas'),(1,'Renato',43,150355,0,'Douglas'),(1,'Vitorino',43,150356,0,'Douglas'),(1,'Wilian',43,150357,0,'Douglas'),(1,'Douglas',43,150358,0,'Joni'),(1,'Joni',43,150359,0,'Joni'),(1,'Lyndon',43,150360,0,'Joni'),(1,'Machado',43,150361,0,'Joni'),(1,'Renato',43,150362,0,'Joni'),(1,'Vitorino',43,150363,0,'Joni'),(1,'Wilian',43,150364,0,'Joni'),(1,'Douglas',43,150365,0,'Lyndon'),(1,'Joni',43,150366,0,'Lyndon'),(1,'Lyndon',43,150367,0,'Lyndon'),(1,'Machado',43,150368,0,'Lyndon'),(1,'Renato',43,150369,0,'Lyndon'),(1,'Vitorino',43,150370,0,'Lyndon'),(1,'Wilian',43,150371,0,'Lyndon'),(1,'Douglas',43,150372,0,'Machado'),(1,'Joni',43,150373,0,'Machado'),(1,'Lyndon',43,150374,0,'Machado'),(1,'Machado',43,150375,0,'Machado'),(1,'Renato',43,150376,0,'Machado'),(1,'Vitorino',43,150377,0,'Machado'),(1,'Wilian',43,150378,0,'Machado'),(1,'Douglas',43,150379,0,'Renato'),(1,'Joni',43,150380,0,'Renato'),(1,'Lyndon',43,150381,0,'Renato'),(1,'Machado',43,150382,0,'Renato'),(1,'Renato',43,150383,0,'Renato'),(1,'Vitorino',43,150384,0,'Renato'),(1,'Wilian',43,150385,0,'Renato'),(1,'Douglas',43,150386,0,'Vitorino'),(1,'Joni',43,150387,0,'Vitorino'),(1,'Lyndon',43,150388,0,'Vitorino'),(1,'Machado',43,150389,0,'Vitorino'),(1,'Renato',43,150390,0,'Vitorino'),(1,'Vitorino',43,150391,0,'Vitorino'),(1,'Wilian',43,150392,0,'Vitorino'),(1,'Douglas',43,150393,0,'Wilian'),(1,'Joni',43,150394,0,'Wilian'),(1,'Lyndon',43,150395,0,'Wilian'),(1,'Machado',43,150396,0,'Wilian'),(1,'Renato',43,150397,0,'Wilian'),(1,'Vitorino',43,150398,0,'Wilian'),(1,'Wilian',43,150399,0,'Wilian'),(1,'Douglas',44,150400,0,'Douglas'),(1,'Joni',44,150401,0,'Douglas'),(1,'Lyndon',44,150402,0,'Douglas'),(1,'Machado',44,150403,0,'Douglas'),(1,'Renato',44,150404,0,'Douglas'),(1,'Vitorino',44,150405,0,'Douglas'),(1,'Wilian',44,150406,0,'Douglas'),(1,'Douglas',44,150407,0,'Joni'),(1,'Joni',44,150408,0,'Joni'),(1,'Lyndon',44,150409,0,'Joni'),(1,'Machado',44,150410,0,'Joni'),(1,'Renato',44,150411,0,'Joni'),(1,'Vitorino',44,150412,0,'Joni'),(1,'Wilian',44,150413,0,'Joni'),(1,'Douglas',44,150414,0,'Lyndon'),(1,'Joni',44,150415,0,'Lyndon'),(1,'Lyndon',44,150416,0,'Lyndon'),(1,'Machado',44,150417,0,'Lyndon'),(1,'Renato',44,150418,0,'Lyndon'),(1,'Vitorino',44,150419,0,'Lyndon'),(1,'Wilian',44,150420,0,'Lyndon'),(1,'Douglas',44,150421,0,'Machado'),(1,'Joni',44,150422,0,'Machado'),(1,'Lyndon',44,150423,0,'Machado'),(1,'Machado',44,150424,0,'Machado'),(1,'Renato',44,150425,0,'Machado'),(1,'Vitorino',44,150426,0,'Machado'),(1,'Wilian',44,150427,0,'Machado'),(1,'Douglas',44,150428,0,'Renato'),(1,'Joni',44,150429,0,'Renato'),(1,'Lyndon',44,150430,0,'Renato'),(1,'Machado',44,150431,0,'Renato'),(1,'Renato',44,150432,0,'Renato'),(1,'Vitorino',44,150433,0,'Renato'),(1,'Wilian',44,150434,0,'Renato'),(1,'Douglas',44,150435,0,'Vitorino'),(1,'Joni',44,150436,0,'Vitorino'),(1,'Lyndon',44,150437,0,'Vitorino'),(1,'Machado',44,150438,0,'Vitorino'),(1,'Renato',44,150439,0,'Vitorino'),(1,'Vitorino',44,150440,0,'Vitorino'),(1,'Wilian',44,150441,0,'Vitorino'),(1,'Douglas',44,150442,0,'Wilian'),(1,'Joni',44,150443,0,'Wilian'),(1,'Lyndon',44,150444,0,'Wilian'),(1,'Machado',44,150445,0,'Wilian'),(1,'Renato',44,150446,0,'Wilian'),(1,'Vitorino',44,150447,0,'Wilian'),(1,'Wilian',44,150448,0,'Wilian'),(1,'Adriano',2,152486,0,'Adriano'),(1,'Alencar',2,152487,0,'Adriano'),(1,'Eraldo',2,152488,0,'Adriano'),(1,'George',2,152489,0,'Adriano'),(1,'Hércules',2,152490,0,'Adriano'),(1,'Roberto',2,152491,0,'Adriano'),(1,'Stiffer',2,152492,0,'Adriano'),(1,'Adriano',2,152493,0,'Alencar'),(1,'Alencar',2,152494,0,'Alencar'),(1,'Eraldo',2,152495,0,'Alencar'),(1,'George',2,152496,0,'Alencar'),(1,'Hércules',2,152497,0,'Alencar'),(1,'Roberto',2,152498,0,'Alencar'),(1,'Stiffer',2,152499,0,'Alencar'),(1,'Adriano',2,152500,0,'Eraldo'),(1,'Alencar',2,152501,0,'Eraldo'),(1,'Eraldo',2,152502,0,'Eraldo'),(1,'George',2,152503,0,'Eraldo'),(1,'Hércules',2,152504,0,'Eraldo'),(1,'Roberto',2,152505,0,'Eraldo'),(1,'Stiffer',2,152506,0,'Eraldo'),(1,'Adriano',2,152507,0,'George'),(1,'Alencar',2,152508,0,'George'),(1,'Eraldo',2,152509,0,'George'),(1,'George',2,152510,0,'George'),(1,'Hércules',2,152511,0,'George'),(1,'Roberto',2,152512,0,'George'),(1,'Stiffer',2,152513,0,'George'),(1,'Adriano',2,152514,0,'Hércules'),(1,'Alencar',2,152515,0,'Hércules'),(1,'Eraldo',2,152516,0,'Hércules'),(1,'George',2,152517,0,'Hércules'),(1,'Hércules',2,152518,0,'Hércules'),(1,'Roberto',2,152519,0,'Hércules'),(1,'Stiffer',2,152520,0,'Hércules'),(1,'Adriano',2,152521,0,'Roberto'),(1,'Alencar',2,152522,0,'Roberto'),(1,'Eraldo',2,152523,0,'Roberto'),(1,'George',2,152524,0,'Roberto'),(1,'Hércules',2,152525,0,'Roberto'),(1,'Roberto',2,152526,0,'Roberto'),(1,'Stiffer',2,152527,0,'Roberto'),(1,'Adriano',2,152528,0,'Stiffer'),(1,'Alencar',2,152529,0,'Stiffer'),(1,'Eraldo',2,152530,0,'Stiffer'),(1,'George',2,152531,0,'Stiffer'),(1,'Hércules',2,152532,0,'Stiffer'),(1,'Roberto',2,152533,0,'Stiffer'),(1,'Stiffer',2,152534,0,'Stiffer'),(1,'Adriano',3,152535,0,'Adriano'),(1,'Alencar',3,152536,0,'Adriano'),(1,'Eraldo',3,152537,0,'Adriano'),(1,'George',3,152538,0,'Adriano'),(1,'Hércules',3,152539,0,'Adriano'),(1,'Roberto',3,152540,0,'Adriano'),(1,'Stiffer',3,152541,0,'Adriano'),(1,'Adriano',3,152542,0,'Alencar'),(1,'Alencar',3,152543,0,'Alencar'),(1,'Eraldo',3,152544,0,'Alencar'),(1,'George',3,152545,0,'Alencar'),(1,'Hércules',3,152546,0,'Alencar'),(1,'Roberto',3,152547,0,'Alencar'),(1,'Stiffer',3,152548,0,'Alencar'),(1,'Adriano',3,152549,0,'Eraldo'),(1,'Alencar',3,152550,0,'Eraldo'),(1,'Eraldo',3,152551,0,'Eraldo'),(1,'George',3,152552,0,'Eraldo'),(1,'Hércules',3,152553,0,'Eraldo'),(1,'Roberto',3,152554,0,'Eraldo'),(1,'Stiffer',3,152555,0,'Eraldo'),(1,'Adriano',3,152556,0,'George'),(1,'Alencar',3,152557,0,'George'),(1,'Eraldo',3,152558,0,'George'),(1,'George',3,152559,0,'George'),(1,'Hércules',3,152560,0,'George'),(1,'Roberto',3,152561,0,'George'),(1,'Stiffer',3,152562,0,'George'),(1,'Adriano',3,152563,0,'Hércules'),(1,'Alencar',3,152564,0,'Hércules'),(1,'Eraldo',3,152565,0,'Hércules'),(1,'George',3,152566,0,'Hércules'),(1,'Hércules',3,152567,0,'Hércules'),(1,'Roberto',3,152568,0,'Hércules'),(1,'Stiffer',3,152569,0,'Hércules'),(1,'Adriano',3,152570,0,'Roberto'),(1,'Alencar',3,152571,0,'Roberto'),(1,'Eraldo',3,152572,0,'Roberto'),(1,'George',3,152573,0,'Roberto'),(1,'Hércules',3,152574,0,'Roberto'),(1,'Roberto',3,152575,0,'Roberto'),(1,'Stiffer',3,152576,0,'Roberto'),(1,'Adriano',3,152577,0,'Stiffer'),(1,'Alencar',3,152578,0,'Stiffer'),(1,'Eraldo',3,152579,0,'Stiffer'),(1,'George',3,152580,0,'Stiffer'),(1,'Hércules',3,152581,0,'Stiffer'),(1,'Roberto',3,152582,0,'Stiffer'),(1,'Stiffer',3,152583,0,'Stiffer'),(1,'Adriano',4,152584,0,'Adriano'),(1,'Alencar',4,152585,0,'Adriano'),(1,'Eraldo',4,152586,0,'Adriano'),(1,'George',4,152587,0,'Adriano'),(1,'Hércules',4,152588,0,'Adriano'),(1,'Roberto',4,152589,0,'Adriano'),(1,'Stiffer',4,152590,0,'Adriano'),(1,'Adriano',4,152591,0,'Alencar'),(1,'Alencar',4,152592,0,'Alencar'),(1,'Eraldo',4,152593,0,'Alencar'),(1,'George',4,152594,0,'Alencar'),(1,'Hércules',4,152595,0,'Alencar'),(1,'Roberto',4,152596,0,'Alencar'),(1,'Stiffer',4,152597,0,'Alencar'),(1,'Adriano',4,152598,0,'Eraldo'),(1,'Alencar',4,152599,0,'Eraldo'),(1,'Eraldo',4,152600,0,'Eraldo'),(1,'George',4,152601,0,'Eraldo'),(1,'Hércules',4,152602,0,'Eraldo'),(1,'Roberto',4,152603,0,'Eraldo'),(1,'Stiffer',4,152604,0,'Eraldo'),(1,'Adriano',4,152605,0,'George'),(1,'Alencar',4,152606,0,'George'),(1,'Eraldo',4,152607,0,'George'),(1,'George',4,152608,0,'George'),(1,'Hércules',4,152609,0,'George'),(1,'Roberto',4,152610,0,'George'),(1,'Stiffer',4,152611,0,'George'),(1,'Adriano',4,152612,0,'Hércules'),(1,'Alencar',4,152613,0,'Hércules'),(1,'Eraldo',4,152614,0,'Hércules'),(1,'George',4,152615,0,'Hércules'),(1,'Hércules',4,152616,0,'Hércules'),(1,'Roberto',4,152617,0,'Hércules'),(1,'Stiffer',4,152618,0,'Hércules'),(1,'Adriano',4,152619,0,'Roberto'),(1,'Alencar',4,152620,0,'Roberto'),(1,'Eraldo',4,152621,0,'Roberto'),(1,'George',4,152622,0,'Roberto'),(1,'Hércules',4,152623,0,'Roberto'),(1,'Roberto',4,152624,0,'Roberto'),(1,'Stiffer',4,152625,0,'Roberto'),(1,'Adriano',4,152626,0,'Stiffer'),(1,'Alencar',4,152627,0,'Stiffer'),(1,'Eraldo',4,152628,0,'Stiffer'),(1,'George',4,152629,0,'Stiffer'),(1,'Hércules',4,152630,0,'Stiffer'),(1,'Roberto',4,152631,0,'Stiffer'),(1,'Stiffer',4,152632,0,'Stiffer'),(1,'Adriano',5,152633,0,'Adriano'),(1,'Alencar',5,152634,0,'Adriano'),(1,'Eraldo',5,152635,0,'Adriano'),(1,'George',5,152636,0,'Adriano'),(1,'Hércules',5,152637,0,'Adriano'),(1,'Roberto',5,152638,0,'Adriano'),(1,'Stiffer',5,152639,0,'Adriano'),(1,'Adriano',5,152640,0,'Alencar'),(1,'Alencar',5,152641,0,'Alencar'),(1,'Eraldo',5,152642,0,'Alencar'),(1,'George',5,152643,0,'Alencar'),(1,'Hércules',5,152644,0,'Alencar'),(1,'Roberto',5,152645,0,'Alencar'),(1,'Stiffer',5,152646,0,'Alencar'),(1,'Adriano',5,152647,0,'Eraldo'),(1,'Alencar',5,152648,0,'Eraldo'),(1,'Eraldo',5,152649,0,'Eraldo'),(1,'George',5,152650,0,'Eraldo'),(1,'Hércules',5,152651,0,'Eraldo'),(1,'Roberto',5,152652,0,'Eraldo'),(1,'Stiffer',5,152653,0,'Eraldo'),(1,'Adriano',5,152654,0,'George'),(1,'Alencar',5,152655,0,'George'),(1,'Eraldo',5,152656,0,'George'),(1,'George',5,152657,0,'George'),(1,'Hércules',5,152658,0,'George'),(1,'Roberto',5,152659,0,'George'),(1,'Stiffer',5,152660,0,'George'),(1,'Adriano',5,152661,0,'Hércules'),(1,'Alencar',5,152662,0,'Hércules'),(1,'Eraldo',5,152663,0,'Hércules'),(1,'George',5,152664,0,'Hércules'),(1,'Hércules',5,152665,0,'Hércules'),(1,'Roberto',5,152666,0,'Hércules'),(1,'Stiffer',5,152667,0,'Hércules'),(1,'Adriano',5,152668,0,'Roberto'),(1,'Alencar',5,152669,0,'Roberto'),(1,'Eraldo',5,152670,0,'Roberto'),(1,'George',5,152671,0,'Roberto'),(1,'Hércules',5,152672,0,'Roberto'),(1,'Roberto',5,152673,0,'Roberto'),(1,'Stiffer',5,152674,0,'Roberto'),(1,'Adriano',5,152675,0,'Stiffer'),(1,'Alencar',5,152676,0,'Stiffer'),(1,'Eraldo',5,152677,0,'Stiffer'),(1,'George',5,152678,0,'Stiffer'),(1,'Hércules',5,152679,0,'Stiffer'),(1,'Roberto',5,152680,0,'Stiffer'),(1,'Stiffer',5,152681,0,'Stiffer'),(1,'Adriano',6,152682,0,'Adriano'),(1,'Alencar',6,152683,0,'Adriano'),(1,'Eraldo',6,152684,0,'Adriano'),(1,'George',6,152685,0,'Adriano'),(1,'Hércules',6,152686,0,'Adriano'),(1,'Roberto',6,152687,0,'Adriano'),(1,'Stiffer',6,152688,0,'Adriano'),(1,'Adriano',6,152689,0,'Alencar'),(1,'Alencar',6,152690,0,'Alencar'),(1,'Eraldo',6,152691,0,'Alencar'),(1,'George',6,152692,0,'Alencar'),(1,'Hércules',6,152693,0,'Alencar'),(1,'Roberto',6,152694,0,'Alencar'),(1,'Stiffer',6,152695,0,'Alencar'),(1,'Adriano',6,152696,0,'Eraldo'),(1,'Alencar',6,152697,0,'Eraldo'),(1,'Eraldo',6,152698,0,'Eraldo'),(1,'George',6,152699,0,'Eraldo'),(1,'Hércules',6,152700,0,'Eraldo'),(1,'Roberto',6,152701,0,'Eraldo'),(1,'Stiffer',6,152702,0,'Eraldo'),(1,'Adriano',6,152703,0,'George'),(1,'Alencar',6,152704,0,'George'),(1,'Eraldo',6,152705,0,'George'),(1,'George',6,152706,0,'George'),(1,'Hércules',6,152707,0,'George'),(1,'Roberto',6,152708,0,'George'),(1,'Stiffer',6,152709,0,'George'),(1,'Adriano',6,152710,0,'Hércules'),(1,'Alencar',6,152711,0,'Hércules'),(1,'Eraldo',6,152712,0,'Hércules'),(1,'George',6,152713,0,'Hércules'),(1,'Hércules',6,152714,0,'Hércules'),(1,'Roberto',6,152715,0,'Hércules'),(1,'Stiffer',6,152716,0,'Hércules'),(1,'Adriano',6,152717,0,'Roberto'),(1,'Alencar',6,152718,0,'Roberto'),(1,'Eraldo',6,152719,0,'Roberto'),(1,'George',6,152720,0,'Roberto'),(1,'Hércules',6,152721,0,'Roberto'),(1,'Roberto',6,152722,0,'Roberto'),(1,'Stiffer',6,152723,0,'Roberto'),(1,'Adriano',6,152724,0,'Stiffer'),(1,'Alencar',6,152725,0,'Stiffer'),(1,'Eraldo',6,152726,0,'Stiffer'),(1,'George',6,152727,0,'Stiffer'),(1,'Hércules',6,152728,0,'Stiffer'),(1,'Roberto',6,152729,0,'Stiffer'),(1,'Stiffer',6,152730,0,'Stiffer'),(1,'Adriano',7,152731,0,'Adriano'),(1,'Alencar',7,152732,0,'Adriano'),(1,'Eraldo',7,152733,0,'Adriano'),(1,'George',7,152734,0,'Adriano'),(1,'Hércules',7,152735,0,'Adriano'),(1,'Roberto',7,152736,0,'Adriano'),(1,'Stiffer',7,152737,0,'Adriano'),(1,'Adriano',7,152738,0,'Alencar'),(1,'Alencar',7,152739,0,'Alencar'),(1,'Eraldo',7,152740,0,'Alencar'),(1,'George',7,152741,0,'Alencar'),(1,'Hércules',7,152742,0,'Alencar'),(1,'Roberto',7,152743,0,'Alencar'),(1,'Stiffer',7,152744,0,'Alencar'),(1,'Adriano',7,152745,0,'Eraldo'),(1,'Alencar',7,152746,0,'Eraldo'),(1,'Eraldo',7,152747,0,'Eraldo'),(1,'George',7,152748,0,'Eraldo'),(1,'Hércules',7,152749,0,'Eraldo'),(1,'Roberto',7,152750,0,'Eraldo'),(1,'Stiffer',7,152751,0,'Eraldo'),(1,'Adriano',7,152752,0,'George'),(1,'Alencar',7,152753,0,'George'),(1,'Eraldo',7,152754,0,'George'),(1,'George',7,152755,0,'George'),(1,'Hércules',7,152756,0,'George'),(1,'Roberto',7,152757,0,'George'),(1,'Stiffer',7,152758,0,'George'),(1,'Adriano',7,152759,0,'Hércules'),(1,'Alencar',7,152760,0,'Hércules'),(1,'Eraldo',7,152761,0,'Hércules'),(1,'George',7,152762,0,'Hércules'),(1,'Hércules',7,152763,0,'Hércules'),(1,'Roberto',7,152764,0,'Hércules'),(1,'Stiffer',7,152765,0,'Hércules'),(1,'Adriano',7,152766,0,'Roberto'),(1,'Alencar',7,152767,0,'Roberto'),(1,'Eraldo',7,152768,0,'Roberto'),(1,'George',7,152769,0,'Roberto'),(1,'Hércules',7,152770,0,'Roberto'),(1,'Roberto',7,152771,0,'Roberto'),(1,'Stiffer',7,152772,0,'Roberto'),(1,'Adriano',7,152773,0,'Stiffer'),(1,'Alencar',7,152774,0,'Stiffer'),(1,'Eraldo',7,152775,0,'Stiffer'),(1,'George',7,152776,0,'Stiffer'),(1,'Hércules',7,152777,0,'Stiffer'),(1,'Roberto',7,152778,0,'Stiffer'),(1,'Stiffer',7,152779,0,'Stiffer'),(1,'Adriano',8,152780,0,'Adriano'),(1,'Alencar',8,152781,0,'Adriano'),(1,'Eraldo',8,152782,0,'Adriano'),(1,'George',8,152783,0,'Adriano'),(1,'Hércules',8,152784,0,'Adriano'),(1,'Roberto',8,152785,0,'Adriano'),(1,'Stiffer',8,152786,0,'Adriano'),(1,'Adriano',8,152787,0,'Alencar'),(1,'Alencar',8,152788,0,'Alencar'),(1,'Eraldo',8,152789,0,'Alencar'),(1,'George',8,152790,0,'Alencar'),(1,'Hércules',8,152791,0,'Alencar'),(1,'Roberto',8,152792,0,'Alencar'),(1,'Stiffer',8,152793,0,'Alencar'),(1,'Adriano',8,152794,0,'Eraldo'),(1,'Alencar',8,152795,0,'Eraldo'),(1,'Eraldo',8,152796,0,'Eraldo'),(1,'George',8,152797,0,'Eraldo'),(1,'Hércules',8,152798,0,'Eraldo'),(1,'Roberto',8,152799,0,'Eraldo'),(1,'Stiffer',8,152800,0,'Eraldo'),(1,'Adriano',8,152801,0,'George'),(1,'Alencar',8,152802,0,'George'),(1,'Eraldo',8,152803,0,'George'),(1,'George',8,152804,0,'George'),(1,'Hércules',8,152805,0,'George'),(1,'Roberto',8,152806,0,'George'),(1,'Stiffer',8,152807,0,'George'),(1,'Adriano',8,152808,0,'Hércules'),(1,'Alencar',8,152809,0,'Hércules'),(1,'Eraldo',8,152810,0,'Hércules'),(1,'George',8,152811,0,'Hércules'),(1,'Hércules',8,152812,0,'Hércules'),(1,'Roberto',8,152813,0,'Hércules'),(1,'Stiffer',8,152814,0,'Hércules'),(1,'Adriano',8,152815,0,'Roberto'),(1,'Alencar',8,152816,0,'Roberto'),(1,'Eraldo',8,152817,0,'Roberto'),(1,'George',8,152818,0,'Roberto'),(1,'Hércules',8,152819,0,'Roberto'),(1,'Roberto',8,152820,0,'Roberto'),(1,'Stiffer',8,152821,0,'Roberto'),(1,'Adriano',8,152822,0,'Stiffer'),(1,'Alencar',8,152823,0,'Stiffer'),(1,'Eraldo',8,152824,0,'Stiffer'),(1,'George',8,152825,0,'Stiffer'),(1,'Hércules',8,152826,0,'Stiffer'),(1,'Roberto',8,152827,0,'Stiffer'),(1,'Stiffer',8,152828,0,'Stiffer'),(1,'Adriano',9,152829,0,'Adriano'),(1,'Alencar',9,152830,0,'Adriano'),(1,'Eraldo',9,152831,0,'Adriano'),(1,'George',9,152832,0,'Adriano'),(1,'Hércules',9,152833,0,'Adriano'),(1,'Roberto',9,152834,0,'Adriano'),(1,'Stiffer',9,152835,0,'Adriano'),(1,'Adriano',9,152836,0,'Alencar'),(1,'Alencar',9,152837,0,'Alencar'),(1,'Eraldo',9,152838,0,'Alencar'),(1,'George',9,152839,0,'Alencar'),(1,'Hércules',9,152840,0,'Alencar'),(1,'Roberto',9,152841,0,'Alencar'),(1,'Stiffer',9,152842,0,'Alencar'),(1,'Adriano',9,152843,0,'Eraldo'),(1,'Alencar',9,152844,0,'Eraldo'),(1,'Eraldo',9,152845,0,'Eraldo'),(1,'George',9,152846,0,'Eraldo'),(1,'Hércules',9,152847,0,'Eraldo'),(1,'Roberto',9,152848,0,'Eraldo'),(1,'Stiffer',9,152849,0,'Eraldo'),(1,'Adriano',9,152850,0,'George'),(1,'Alencar',9,152851,0,'George'),(1,'Eraldo',9,152852,0,'George'),(1,'George',9,152853,0,'George'),(1,'Hércules',9,152854,0,'George'),(1,'Roberto',9,152855,0,'George'),(1,'Stiffer',9,152856,0,'George'),(1,'Adriano',9,152857,0,'Hércules'),(1,'Alencar',9,152858,0,'Hércules'),(1,'Eraldo',9,152859,0,'Hércules'),(1,'George',9,152860,0,'Hércules'),(1,'Hércules',9,152861,0,'Hércules'),(1,'Roberto',9,152862,0,'Hércules'),(1,'Stiffer',9,152863,0,'Hércules'),(1,'Adriano',9,152864,0,'Roberto'),(1,'Alencar',9,152865,0,'Roberto'),(1,'Eraldo',9,152866,0,'Roberto'),(1,'George',9,152867,0,'Roberto'),(1,'Hércules',9,152868,0,'Roberto'),(1,'Roberto',9,152869,0,'Roberto'),(1,'Stiffer',9,152870,0,'Roberto'),(1,'Adriano',9,152871,0,'Stiffer'),(1,'Alencar',9,152872,0,'Stiffer'),(1,'Eraldo',9,152873,0,'Stiffer'),(1,'George',9,152874,0,'Stiffer'),(1,'Hércules',9,152875,0,'Stiffer'),(1,'Roberto',9,152876,0,'Stiffer'),(1,'Stiffer',9,152877,0,'Stiffer'),(1,'Adriano',10,152878,0,'Adriano'),(1,'Alencar',10,152879,0,'Adriano'),(1,'Eraldo',10,152880,0,'Adriano'),(1,'George',10,152881,0,'Adriano'),(1,'Hércules',10,152882,0,'Adriano'),(1,'Roberto',10,152883,0,'Adriano'),(1,'Stiffer',10,152884,0,'Adriano'),(1,'Adriano',10,152885,0,'Alencar'),(1,'Alencar',10,152886,0,'Alencar'),(1,'Eraldo',10,152887,0,'Alencar'),(1,'George',10,152888,0,'Alencar'),(1,'Hércules',10,152889,0,'Alencar'),(1,'Roberto',10,152890,0,'Alencar'),(1,'Stiffer',10,152891,0,'Alencar'),(1,'Adriano',10,152892,0,'Eraldo'),(1,'Alencar',10,152893,0,'Eraldo'),(1,'Eraldo',10,152894,0,'Eraldo'),(1,'George',10,152895,0,'Eraldo'),(1,'Hércules',10,152896,0,'Eraldo'),(1,'Roberto',10,152897,0,'Eraldo'),(1,'Stiffer',10,152898,0,'Eraldo'),(1,'Adriano',10,152899,0,'George'),(1,'Alencar',10,152900,0,'George'),(1,'Eraldo',10,152901,0,'George'),(1,'George',10,152902,0,'George'),(1,'Hércules',10,152903,0,'George'),(1,'Roberto',10,152904,0,'George'),(1,'Stiffer',10,152905,0,'George'),(1,'Adriano',10,152906,0,'Hércules'),(1,'Alencar',10,152907,0,'Hércules'),(1,'Eraldo',10,152908,0,'Hércules'),(1,'George',10,152909,0,'Hércules'),(1,'Hércules',10,152910,0,'Hércules'),(1,'Roberto',10,152911,0,'Hércules'),(1,'Stiffer',10,152912,0,'Hércules'),(1,'Adriano',10,152913,0,'Roberto'),(1,'Alencar',10,152914,0,'Roberto'),(1,'Eraldo',10,152915,0,'Roberto'),(1,'George',10,152916,0,'Roberto'),(1,'Hércules',10,152917,0,'Roberto'),(1,'Roberto',10,152918,0,'Roberto'),(1,'Stiffer',10,152919,0,'Roberto'),(1,'Adriano',10,152920,0,'Stiffer'),(1,'Alencar',10,152921,0,'Stiffer'),(1,'Eraldo',10,152922,0,'Stiffer'),(1,'George',10,152923,0,'Stiffer'),(1,'Hércules',10,152924,0,'Stiffer'),(1,'Roberto',10,152925,0,'Stiffer'),(1,'Stiffer',10,152926,0,'Stiffer'),(1,'Adriano',11,152927,0,'Adriano'),(1,'Alencar',11,152928,0,'Adriano'),(1,'Eraldo',11,152929,0,'Adriano'),(1,'George',11,152930,0,'Adriano'),(1,'Hércules',11,152931,0,'Adriano'),(1,'Roberto',11,152932,0,'Adriano'),(1,'Stiffer',11,152933,0,'Adriano'),(1,'Adriano',11,152934,0,'Alencar'),(1,'Alencar',11,152935,0,'Alencar'),(1,'Eraldo',11,152936,0,'Alencar'),(1,'George',11,152937,0,'Alencar'),(1,'Hércules',11,152938,0,'Alencar'),(1,'Roberto',11,152939,0,'Alencar'),(1,'Stiffer',11,152940,0,'Alencar'),(1,'Adriano',11,152941,0,'Eraldo'),(1,'Alencar',11,152942,0,'Eraldo'),(1,'Eraldo',11,152943,0,'Eraldo'),(1,'George',11,152944,0,'Eraldo'),(1,'Hércules',11,152945,0,'Eraldo'),(1,'Roberto',11,152946,0,'Eraldo'),(1,'Stiffer',11,152947,0,'Eraldo'),(1,'Adriano',11,152948,0,'George'),(1,'Alencar',11,152949,0,'George'),(1,'Eraldo',11,152950,0,'George'),(1,'George',11,152951,0,'George'),(1,'Hércules',11,152952,0,'George'),(1,'Roberto',11,152953,0,'George'),(1,'Stiffer',11,152954,0,'George'),(1,'Adriano',11,152955,0,'Hércules'),(1,'Alencar',11,152956,0,'Hércules'),(1,'Eraldo',11,152957,0,'Hércules'),(1,'George',11,152958,0,'Hércules'),(1,'Hércules',11,152959,0,'Hércules'),(1,'Roberto',11,152960,0,'Hércules'),(1,'Stiffer',11,152961,0,'Hércules'),(1,'Adriano',11,152962,0,'Roberto'),(1,'Alencar',11,152963,0,'Roberto'),(1,'Eraldo',11,152964,0,'Roberto'),(1,'George',11,152965,0,'Roberto'),(1,'Hércules',11,152966,0,'Roberto'),(1,'Roberto',11,152967,0,'Roberto'),(1,'Stiffer',11,152968,0,'Roberto'),(1,'Adriano',11,152969,0,'Stiffer'),(1,'Alencar',11,152970,0,'Stiffer'),(1,'Eraldo',11,152971,0,'Stiffer'),(1,'George',11,152972,0,'Stiffer'),(1,'Hércules',11,152973,0,'Stiffer'),(1,'Roberto',11,152974,0,'Stiffer'),(1,'Stiffer',11,152975,0,'Stiffer'),(1,'Adriano',12,152976,0,'Adriano'),(1,'Alencar',12,152977,0,'Adriano'),(1,'Eraldo',12,152978,0,'Adriano'),(1,'George',12,152979,0,'Adriano'),(1,'Hércules',12,152980,0,'Adriano'),(1,'Roberto',12,152981,0,'Adriano'),(1,'Stiffer',12,152982,0,'Adriano'),(1,'Adriano',12,152983,0,'Alencar'),(1,'Alencar',12,152984,0,'Alencar'),(1,'Eraldo',12,152985,0,'Alencar'),(1,'George',12,152986,0,'Alencar'),(1,'Hércules',12,152987,0,'Alencar'),(1,'Roberto',12,152988,0,'Alencar'),(1,'Stiffer',12,152989,0,'Alencar'),(1,'Adriano',12,152990,0,'Eraldo'),(1,'Alencar',12,152991,0,'Eraldo'),(1,'Eraldo',12,152992,0,'Eraldo'),(1,'George',12,152993,0,'Eraldo'),(1,'Hércules',12,152994,0,'Eraldo'),(1,'Roberto',12,152995,0,'Eraldo'),(1,'Stiffer',12,152996,0,'Eraldo'),(1,'Adriano',12,152997,0,'George'),(1,'Alencar',12,152998,0,'George'),(1,'Eraldo',12,152999,0,'George'),(1,'George',12,153000,0,'George'),(1,'Hércules',12,153001,0,'George'),(1,'Roberto',12,153002,0,'George'),(1,'Stiffer',12,153003,0,'George'),(1,'Adriano',12,153004,0,'Hércules'),(1,'Alencar',12,153005,0,'Hércules'),(1,'Eraldo',12,153006,0,'Hércules'),(1,'George',12,153007,0,'Hércules'),(1,'Hércules',12,153008,0,'Hércules'),(1,'Roberto',12,153009,0,'Hércules'),(1,'Stiffer',12,153010,0,'Hércules'),(1,'Adriano',12,153011,0,'Roberto'),(1,'Alencar',12,153012,0,'Roberto'),(1,'Eraldo',12,153013,0,'Roberto'),(1,'George',12,153014,0,'Roberto'),(1,'Hércules',12,153015,0,'Roberto'),(1,'Roberto',12,153016,0,'Roberto'),(1,'Stiffer',12,153017,0,'Roberto'),(1,'Adriano',12,153018,0,'Stiffer'),(1,'Alencar',12,153019,0,'Stiffer'),(1,'Eraldo',12,153020,0,'Stiffer'),(1,'George',12,153021,0,'Stiffer'),(1,'Hércules',12,153022,0,'Stiffer'),(1,'Roberto',12,153023,0,'Stiffer'),(1,'Stiffer',12,153024,0,'Stiffer'),(1,'Adriano',13,153025,0,'Adriano'),(1,'Alencar',13,153026,0,'Adriano'),(1,'Eraldo',13,153027,0,'Adriano'),(1,'George',13,153028,0,'Adriano'),(1,'Hércules',13,153029,0,'Adriano'),(1,'Roberto',13,153030,0,'Adriano'),(1,'Stiffer',13,153031,0,'Adriano'),(1,'Adriano',13,153032,0,'Alencar'),(1,'Alencar',13,153033,0,'Alencar'),(1,'Eraldo',13,153034,0,'Alencar'),(1,'George',13,153035,0,'Alencar'),(1,'Hércules',13,153036,0,'Alencar'),(1,'Roberto',13,153037,0,'Alencar'),(1,'Stiffer',13,153038,0,'Alencar'),(1,'Adriano',13,153039,0,'Eraldo'),(1,'Alencar',13,153040,0,'Eraldo'),(1,'Eraldo',13,153041,0,'Eraldo'),(1,'George',13,153042,0,'Eraldo'),(1,'Hércules',13,153043,0,'Eraldo'),(1,'Roberto',13,153044,0,'Eraldo'),(1,'Stiffer',13,153045,0,'Eraldo'),(1,'Adriano',13,153046,0,'George'),(1,'Alencar',13,153047,0,'George'),(1,'Eraldo',13,153048,0,'George'),(1,'George',13,153049,0,'George'),(1,'Hércules',13,153050,0,'George'),(1,'Roberto',13,153051,0,'George'),(1,'Stiffer',13,153052,0,'George'),(1,'Adriano',13,153053,0,'Hércules'),(1,'Alencar',13,153054,0,'Hércules'),(1,'Eraldo',13,153055,0,'Hércules'),(1,'George',13,153056,0,'Hércules'),(1,'Hércules',13,153057,0,'Hércules'),(1,'Roberto',13,153058,0,'Hércules'),(1,'Stiffer',13,153059,0,'Hércules'),(1,'Adriano',13,153060,0,'Roberto'),(1,'Alencar',13,153061,0,'Roberto'),(1,'Eraldo',13,153062,0,'Roberto'),(1,'George',13,153063,0,'Roberto'),(1,'Hércules',13,153064,0,'Roberto'),(1,'Roberto',13,153065,0,'Roberto'),(1,'Stiffer',13,153066,0,'Roberto'),(1,'Adriano',13,153067,0,'Stiffer'),(1,'Alencar',13,153068,0,'Stiffer'),(1,'Eraldo',13,153069,0,'Stiffer'),(1,'George',13,153070,0,'Stiffer'),(1,'Hércules',13,153071,0,'Stiffer'),(1,'Roberto',13,153072,0,'Stiffer'),(1,'Stiffer',13,153073,0,'Stiffer'),(1,'Adriano',14,153074,0,'Adriano'),(1,'Alencar',14,153075,0,'Adriano'),(1,'Eraldo',14,153076,0,'Adriano'),(1,'George',14,153077,0,'Adriano'),(1,'Hércules',14,153078,0,'Adriano'),(1,'Roberto',14,153079,0,'Adriano'),(1,'Stiffer',14,153080,0,'Adriano'),(1,'Adriano',14,153081,0,'Alencar'),(1,'Alencar',14,153082,0,'Alencar'),(1,'Eraldo',14,153083,0,'Alencar'),(1,'George',14,153084,0,'Alencar'),(1,'Hércules',14,153085,0,'Alencar'),(1,'Roberto',14,153086,0,'Alencar'),(1,'Stiffer',14,153087,0,'Alencar'),(1,'Adriano',14,153088,0,'Eraldo'),(1,'Alencar',14,153089,0,'Eraldo'),(1,'Eraldo',14,153090,0,'Eraldo'),(1,'George',14,153091,0,'Eraldo'),(1,'Hércules',14,153092,0,'Eraldo'),(1,'Roberto',14,153093,0,'Eraldo'),(1,'Stiffer',14,153094,0,'Eraldo'),(1,'Adriano',14,153095,0,'George'),(1,'Alencar',14,153096,0,'George'),(1,'Eraldo',14,153097,0,'George'),(1,'George',14,153098,0,'George'),(1,'Hércules',14,153099,0,'George'),(1,'Roberto',14,153100,0,'George'),(1,'Stiffer',14,153101,0,'George'),(1,'Adriano',14,153102,0,'Hércules'),(1,'Alencar',14,153103,0,'Hércules'),(1,'Eraldo',14,153104,0,'Hércules'),(1,'George',14,153105,0,'Hércules'),(1,'Hércules',14,153106,0,'Hércules'),(1,'Roberto',14,153107,0,'Hércules'),(1,'Stiffer',14,153108,0,'Hércules'),(1,'Adriano',14,153109,0,'Roberto'),(1,'Alencar',14,153110,0,'Roberto'),(1,'Eraldo',14,153111,0,'Roberto'),(1,'George',14,153112,0,'Roberto'),(1,'Hércules',14,153113,0,'Roberto'),(1,'Roberto',14,153114,0,'Roberto'),(1,'Stiffer',14,153115,0,'Roberto'),(1,'Adriano',14,153116,0,'Stiffer'),(1,'Alencar',14,153117,0,'Stiffer'),(1,'Eraldo',14,153118,0,'Stiffer'),(1,'George',14,153119,0,'Stiffer'),(1,'Hércules',14,153120,0,'Stiffer'),(1,'Roberto',14,153121,0,'Stiffer'),(1,'Stiffer',14,153122,0,'Stiffer'),(1,'Adriano',15,153123,0,'Adriano'),(1,'Alencar',15,153124,0,'Adriano'),(1,'Eraldo',15,153125,0,'Adriano'),(1,'George',15,153126,0,'Adriano'),(1,'Hércules',15,153127,0,'Adriano'),(1,'Roberto',15,153128,0,'Adriano'),(1,'Stiffer',15,153129,0,'Adriano'),(1,'Adriano',15,153130,0,'Alencar'),(1,'Alencar',15,153131,0,'Alencar'),(1,'Eraldo',15,153132,0,'Alencar'),(1,'George',15,153133,0,'Alencar'),(1,'Hércules',15,153134,0,'Alencar'),(1,'Roberto',15,153135,0,'Alencar'),(1,'Stiffer',15,153136,0,'Alencar'),(1,'Adriano',15,153137,0,'Eraldo'),(1,'Alencar',15,153138,0,'Eraldo'),(1,'Eraldo',15,153139,0,'Eraldo'),(1,'George',15,153140,0,'Eraldo'),(1,'Hércules',15,153141,0,'Eraldo'),(1,'Roberto',15,153142,0,'Eraldo'),(1,'Stiffer',15,153143,0,'Eraldo'),(1,'Adriano',15,153144,0,'George'),(1,'Alencar',15,153145,0,'George'),(1,'Eraldo',15,153146,0,'George'),(1,'George',15,153147,0,'George'),(1,'Hércules',15,153148,0,'George'),(1,'Roberto',15,153149,0,'George'),(1,'Stiffer',15,153150,0,'George'),(1,'Adriano',15,153151,0,'Hércules'),(1,'Alencar',15,153152,0,'Hércules'),(1,'Eraldo',15,153153,0,'Hércules'),(1,'George',15,153154,0,'Hércules'),(1,'Hércules',15,153155,0,'Hércules'),(1,'Roberto',15,153156,0,'Hércules'),(1,'Stiffer',15,153157,0,'Hércules'),(1,'Adriano',15,153158,0,'Roberto'),(1,'Alencar',15,153159,0,'Roberto'),(1,'Eraldo',15,153160,0,'Roberto'),(1,'George',15,153161,0,'Roberto'),(1,'Hércules',15,153162,0,'Roberto'),(1,'Roberto',15,153163,0,'Roberto'),(1,'Stiffer',15,153164,0,'Roberto'),(1,'Adriano',15,153165,0,'Stiffer'),(1,'Alencar',15,153166,0,'Stiffer'),(1,'Eraldo',15,153167,0,'Stiffer'),(1,'George',15,153168,0,'Stiffer'),(1,'Hércules',15,153169,0,'Stiffer'),(1,'Roberto',15,153170,0,'Stiffer'),(1,'Stiffer',15,153171,0,'Stiffer'),(1,'Adriano',16,153172,0,'Adriano'),(1,'Alencar',16,153173,0,'Adriano'),(1,'Eraldo',16,153174,0,'Adriano'),(1,'George',16,153175,0,'Adriano'),(1,'Hércules',16,153176,0,'Adriano'),(1,'Roberto',16,153177,0,'Adriano'),(1,'Stiffer',16,153178,0,'Adriano'),(1,'Adriano',16,153179,0,'Alencar'),(1,'Alencar',16,153180,0,'Alencar'),(1,'Eraldo',16,153181,0,'Alencar'),(1,'George',16,153182,0,'Alencar'),(1,'Hércules',16,153183,0,'Alencar'),(1,'Roberto',16,153184,0,'Alencar'),(1,'Stiffer',16,153185,0,'Alencar'),(1,'Adriano',16,153186,0,'Eraldo'),(1,'Alencar',16,153187,0,'Eraldo'),(1,'Eraldo',16,153188,0,'Eraldo'),(1,'George',16,153189,0,'Eraldo'),(1,'Hércules',16,153190,0,'Eraldo'),(1,'Roberto',16,153191,0,'Eraldo'),(1,'Stiffer',16,153192,0,'Eraldo'),(1,'Adriano',16,153193,0,'George'),(1,'Alencar',16,153194,0,'George'),(1,'Eraldo',16,153195,0,'George'),(1,'George',16,153196,0,'George'),(1,'Hércules',16,153197,0,'George'),(1,'Roberto',16,153198,0,'George'),(1,'Stiffer',16,153199,0,'George'),(1,'Adriano',16,153200,0,'Hércules'),(1,'Alencar',16,153201,0,'Hércules'),(1,'Eraldo',16,153202,0,'Hércules'),(1,'George',16,153203,0,'Hércules'),(1,'Hércules',16,153204,0,'Hércules'),(1,'Roberto',16,153205,0,'Hércules'),(1,'Stiffer',16,153206,0,'Hércules'),(1,'Adriano',16,153207,0,'Roberto'),(1,'Alencar',16,153208,0,'Roberto'),(1,'Eraldo',16,153209,0,'Roberto'),(1,'George',16,153210,0,'Roberto'),(1,'Hércules',16,153211,0,'Roberto'),(1,'Roberto',16,153212,0,'Roberto'),(1,'Stiffer',16,153213,0,'Roberto'),(1,'Adriano',16,153214,0,'Stiffer'),(1,'Alencar',16,153215,0,'Stiffer'),(1,'Eraldo',16,153216,0,'Stiffer'),(1,'George',16,153217,0,'Stiffer'),(1,'Hércules',16,153218,0,'Stiffer'),(1,'Roberto',16,153219,0,'Stiffer'),(1,'Stiffer',16,153220,0,'Stiffer'),(1,'Adriano',17,153221,0,'Adriano'),(1,'Alencar',17,153222,0,'Adriano'),(1,'Eraldo',17,153223,0,'Adriano'),(1,'George',17,153224,0,'Adriano'),(1,'Hércules',17,153225,0,'Adriano'),(1,'Roberto',17,153226,0,'Adriano'),(1,'Stiffer',17,153227,0,'Adriano'),(1,'Adriano',17,153228,0,'Alencar'),(1,'Alencar',17,153229,0,'Alencar'),(1,'Eraldo',17,153230,0,'Alencar'),(1,'George',17,153231,0,'Alencar'),(1,'Hércules',17,153232,0,'Alencar'),(1,'Roberto',17,153233,0,'Alencar'),(1,'Stiffer',17,153234,0,'Alencar'),(1,'Adriano',17,153235,0,'Eraldo'),(1,'Alencar',17,153236,0,'Eraldo'),(1,'Eraldo',17,153237,0,'Eraldo'),(1,'George',17,153238,0,'Eraldo'),(1,'Hércules',17,153239,0,'Eraldo'),(1,'Roberto',17,153240,0,'Eraldo'),(1,'Stiffer',17,153241,0,'Eraldo'),(1,'Adriano',17,153242,0,'George'),(1,'Alencar',17,153243,0,'George'),(1,'Eraldo',17,153244,0,'George'),(1,'George',17,153245,0,'George'),(1,'Hércules',17,153246,0,'George'),(1,'Roberto',17,153247,0,'George'),(1,'Stiffer',17,153248,0,'George'),(1,'Adriano',17,153249,0,'Hércules'),(1,'Alencar',17,153250,0,'Hércules'),(1,'Eraldo',17,153251,0,'Hércules'),(1,'George',17,153252,0,'Hércules'),(1,'Hércules',17,153253,0,'Hércules'),(1,'Roberto',17,153254,0,'Hércules'),(1,'Stiffer',17,153255,0,'Hércules'),(1,'Adriano',17,153256,0,'Roberto'),(1,'Alencar',17,153257,0,'Roberto'),(1,'Eraldo',17,153258,0,'Roberto'),(1,'George',17,153259,0,'Roberto'),(1,'Hércules',17,153260,0,'Roberto'),(1,'Roberto',17,153261,0,'Roberto'),(1,'Stiffer',17,153262,0,'Roberto'),(1,'Adriano',17,153263,0,'Stiffer'),(1,'Alencar',17,153264,0,'Stiffer'),(1,'Eraldo',17,153265,0,'Stiffer'),(1,'George',17,153266,0,'Stiffer'),(1,'Hércules',17,153267,0,'Stiffer'),(1,'Roberto',17,153268,0,'Stiffer'),(1,'Stiffer',17,153269,0,'Stiffer'),(1,'Adriano',18,153270,0,'Adriano'),(1,'Alencar',18,153271,0,'Adriano'),(1,'Eraldo',18,153272,0,'Adriano'),(1,'George',18,153273,0,'Adriano'),(1,'Hércules',18,153274,0,'Adriano'),(1,'Roberto',18,153275,0,'Adriano'),(1,'Stiffer',18,153276,0,'Adriano'),(1,'Adriano',18,153277,0,'Alencar'),(1,'Alencar',18,153278,0,'Alencar'),(1,'Eraldo',18,153279,0,'Alencar'),(1,'George',18,153280,0,'Alencar'),(1,'Hércules',18,153281,0,'Alencar'),(1,'Roberto',18,153282,0,'Alencar'),(1,'Stiffer',18,153283,0,'Alencar'),(1,'Adriano',18,153284,0,'Eraldo'),(1,'Alencar',18,153285,0,'Eraldo'),(1,'Eraldo',18,153286,0,'Eraldo'),(1,'George',18,153287,0,'Eraldo'),(1,'Hércules',18,153288,0,'Eraldo'),(1,'Roberto',18,153289,0,'Eraldo'),(1,'Stiffer',18,153290,0,'Eraldo'),(1,'Adriano',18,153291,0,'George'),(1,'Alencar',18,153292,0,'George'),(1,'Eraldo',18,153293,0,'George'),(1,'George',18,153294,0,'George'),(1,'Hércules',18,153295,0,'George'),(1,'Roberto',18,153296,0,'George'),(1,'Stiffer',18,153297,0,'George'),(1,'Adriano',18,153298,0,'Hércules'),(1,'Alencar',18,153299,0,'Hércules'),(1,'Eraldo',18,153300,0,'Hércules'),(1,'George',18,153301,0,'Hércules'),(1,'Hércules',18,153302,0,'Hércules'),(1,'Roberto',18,153303,0,'Hércules'),(1,'Stiffer',18,153304,0,'Hércules'),(1,'Adriano',18,153305,0,'Roberto'),(1,'Alencar',18,153306,0,'Roberto'),(1,'Eraldo',18,153307,0,'Roberto'),(1,'George',18,153308,0,'Roberto'),(1,'Hércules',18,153309,0,'Roberto'),(1,'Roberto',18,153310,0,'Roberto'),(1,'Stiffer',18,153311,0,'Roberto'),(1,'Adriano',18,153312,0,'Stiffer'),(1,'Alencar',18,153313,0,'Stiffer'),(1,'Eraldo',18,153314,0,'Stiffer'),(1,'George',18,153315,0,'Stiffer'),(1,'Hércules',18,153316,0,'Stiffer'),(1,'Roberto',18,153317,0,'Stiffer'),(1,'Stiffer',18,153318,0,'Stiffer'),(1,'Adriano',19,153319,0,'Adriano'),(1,'Alencar',19,153320,0,'Adriano'),(1,'Eraldo',19,153321,0,'Adriano'),(1,'George',19,153322,0,'Adriano'),(1,'Hércules',19,153323,0,'Adriano'),(1,'Roberto',19,153324,0,'Adriano'),(1,'Stiffer',19,153325,0,'Adriano'),(1,'Adriano',19,153326,0,'Alencar'),(1,'Alencar',19,153327,0,'Alencar'),(1,'Eraldo',19,153328,0,'Alencar'),(1,'George',19,153329,0,'Alencar'),(1,'Hércules',19,153330,0,'Alencar'),(1,'Roberto',19,153331,0,'Alencar'),(1,'Stiffer',19,153332,0,'Alencar'),(1,'Adriano',19,153333,0,'Eraldo'),(1,'Alencar',19,153334,0,'Eraldo'),(1,'Eraldo',19,153335,0,'Eraldo'),(1,'George',19,153336,0,'Eraldo'),(1,'Hércules',19,153337,0,'Eraldo'),(1,'Roberto',19,153338,0,'Eraldo'),(1,'Stiffer',19,153339,0,'Eraldo'),(1,'Adriano',19,153340,0,'George'),(1,'Alencar',19,153341,0,'George'),(1,'Eraldo',19,153342,0,'George'),(1,'George',19,153343,0,'George'),(1,'Hércules',19,153344,0,'George'),(1,'Roberto',19,153345,0,'George'),(1,'Stiffer',19,153346,0,'George'),(1,'Adriano',19,153347,0,'Hércules'),(1,'Alencar',19,153348,0,'Hércules'),(1,'Eraldo',19,153349,0,'Hércules'),(1,'George',19,153350,0,'Hércules'),(1,'Hércules',19,153351,0,'Hércules'),(1,'Roberto',19,153352,0,'Hércules'),(1,'Stiffer',19,153353,0,'Hércules'),(1,'Adriano',19,153354,0,'Roberto'),(1,'Alencar',19,153355,0,'Roberto'),(1,'Eraldo',19,153356,0,'Roberto'),(1,'George',19,153357,0,'Roberto'),(1,'Hércules',19,153358,0,'Roberto'),(1,'Roberto',19,153359,0,'Roberto'),(1,'Stiffer',19,153360,0,'Roberto'),(1,'Adriano',19,153361,0,'Stiffer'),(1,'Alencar',19,153362,0,'Stiffer'),(1,'Eraldo',19,153363,0,'Stiffer'),(1,'George',19,153364,0,'Stiffer'),(1,'Hércules',19,153365,0,'Stiffer'),(1,'Roberto',19,153366,0,'Stiffer'),(1,'Stiffer',19,153367,0,'Stiffer'),(1,'Adriano',20,153368,0,'Adriano'),(1,'Alencar',20,153369,0,'Adriano'),(1,'Eraldo',20,153370,0,'Adriano'),(1,'George',20,153371,0,'Adriano'),(1,'Hércules',20,153372,0,'Adriano'),(1,'Roberto',20,153373,0,'Adriano'),(1,'Stiffer',20,153374,0,'Adriano'),(1,'Adriano',20,153375,0,'Alencar'),(1,'Alencar',20,153376,0,'Alencar'),(1,'Eraldo',20,153377,0,'Alencar'),(1,'George',20,153378,0,'Alencar'),(1,'Hércules',20,153379,0,'Alencar'),(1,'Roberto',20,153380,0,'Alencar'),(1,'Stiffer',20,153381,0,'Alencar'),(1,'Adriano',20,153382,0,'Eraldo'),(1,'Alencar',20,153383,0,'Eraldo'),(1,'Eraldo',20,153384,0,'Eraldo'),(1,'George',20,153385,0,'Eraldo'),(1,'Hércules',20,153386,0,'Eraldo'),(1,'Roberto',20,153387,0,'Eraldo'),(1,'Stiffer',20,153388,0,'Eraldo'),(1,'Adriano',20,153389,0,'George'),(1,'Alencar',20,153390,0,'George'),(1,'Eraldo',20,153391,0,'George'),(1,'George',20,153392,0,'George'),(1,'Hércules',20,153393,0,'George'),(1,'Roberto',20,153394,0,'George'),(1,'Stiffer',20,153395,0,'George'),(1,'Adriano',20,153396,0,'Hércules'),(1,'Alencar',20,153397,0,'Hércules'),(1,'Eraldo',20,153398,0,'Hércules'),(1,'George',20,153399,0,'Hércules'),(1,'Hércules',20,153400,0,'Hércules'),(1,'Roberto',20,153401,0,'Hércules'),(1,'Stiffer',20,153402,0,'Hércules'),(1,'Adriano',20,153403,0,'Roberto'),(1,'Alencar',20,153404,0,'Roberto'),(1,'Eraldo',20,153405,0,'Roberto'),(1,'George',20,153406,0,'Roberto'),(1,'Hércules',20,153407,0,'Roberto'),(1,'Roberto',20,153408,0,'Roberto'),(1,'Stiffer',20,153409,0,'Roberto'),(1,'Adriano',20,153410,0,'Stiffer'),(1,'Alencar',20,153411,0,'Stiffer'),(1,'Eraldo',20,153412,0,'Stiffer'),(1,'George',20,153413,0,'Stiffer'),(1,'Hércules',20,153414,0,'Stiffer'),(1,'Roberto',20,153415,0,'Stiffer'),(1,'Stiffer',20,153416,0,'Stiffer'),(1,'Adriano',21,153417,0,'Adriano'),(1,'Alencar',21,153418,0,'Adriano'),(1,'Eraldo',21,153419,0,'Adriano'),(1,'George',21,153420,0,'Adriano'),(1,'Hércules',21,153421,0,'Adriano'),(1,'Roberto',21,153422,0,'Adriano'),(1,'Stiffer',21,153423,0,'Adriano'),(1,'Adriano',21,153424,0,'Alencar'),(1,'Alencar',21,153425,0,'Alencar'),(1,'Eraldo',21,153426,0,'Alencar'),(1,'George',21,153427,0,'Alencar'),(1,'Hércules',21,153428,0,'Alencar'),(1,'Roberto',21,153429,0,'Alencar'),(1,'Stiffer',21,153430,0,'Alencar'),(1,'Adriano',21,153431,0,'Eraldo'),(1,'Alencar',21,153432,0,'Eraldo'),(1,'Eraldo',21,153433,0,'Eraldo'),(1,'George',21,153434,0,'Eraldo'),(1,'Hércules',21,153435,0,'Eraldo'),(1,'Roberto',21,153436,0,'Eraldo'),(1,'Stiffer',21,153437,0,'Eraldo'),(1,'Adriano',21,153438,0,'George'),(1,'Alencar',21,153439,0,'George'),(1,'Eraldo',21,153440,0,'George'),(1,'George',21,153441,0,'George'),(1,'Hércules',21,153442,0,'George'),(1,'Roberto',21,153443,0,'George'),(1,'Stiffer',21,153444,0,'George'),(1,'Adriano',21,153445,0,'Hércules'),(1,'Alencar',21,153446,0,'Hércules'),(1,'Eraldo',21,153447,0,'Hércules'),(1,'George',21,153448,0,'Hércules'),(1,'Hércules',21,153449,0,'Hércules'),(1,'Roberto',21,153450,0,'Hércules'),(1,'Stiffer',21,153451,0,'Hércules'),(1,'Adriano',21,153452,0,'Roberto'),(1,'Alencar',21,153453,0,'Roberto'),(1,'Eraldo',21,153454,0,'Roberto'),(1,'George',21,153455,0,'Roberto'),(1,'Hércules',21,153456,0,'Roberto'),(1,'Roberto',21,153457,0,'Roberto'),(1,'Stiffer',21,153458,0,'Roberto'),(1,'Adriano',21,153459,0,'Stiffer'),(1,'Alencar',21,153460,0,'Stiffer'),(1,'Eraldo',21,153461,0,'Stiffer'),(1,'George',21,153462,0,'Stiffer'),(1,'Hércules',21,153463,0,'Stiffer'),(1,'Roberto',21,153464,0,'Stiffer'),(1,'Stiffer',21,153465,0,'Stiffer'),(1,'Adriano',22,153466,0,'Adriano'),(1,'Alencar',22,153467,0,'Adriano'),(1,'Eraldo',22,153468,0,'Adriano'),(1,'George',22,153469,0,'Adriano'),(1,'Hércules',22,153470,0,'Adriano'),(1,'Roberto',22,153471,0,'Adriano'),(1,'Stiffer',22,153472,0,'Adriano'),(1,'Adriano',22,153473,0,'Alencar'),(1,'Alencar',22,153474,0,'Alencar'),(1,'Eraldo',22,153475,0,'Alencar'),(1,'George',22,153476,0,'Alencar'),(1,'Hércules',22,153477,0,'Alencar'),(1,'Roberto',22,153478,0,'Alencar'),(1,'Stiffer',22,153479,0,'Alencar'),(1,'Adriano',22,153480,0,'Eraldo'),(1,'Alencar',22,153481,0,'Eraldo'),(1,'Eraldo',22,153482,0,'Eraldo'),(1,'George',22,153483,0,'Eraldo'),(1,'Hércules',22,153484,0,'Eraldo'),(1,'Roberto',22,153485,0,'Eraldo'),(1,'Stiffer',22,153486,0,'Eraldo'),(1,'Adriano',22,153487,0,'George'),(1,'Alencar',22,153488,0,'George'),(1,'Eraldo',22,153489,0,'George'),(1,'George',22,153490,0,'George'),(1,'Hércules',22,153491,0,'George'),(1,'Roberto',22,153492,0,'George'),(1,'Stiffer',22,153493,0,'George'),(1,'Adriano',22,153494,0,'Hércules'),(1,'Alencar',22,153495,0,'Hércules'),(1,'Eraldo',22,153496,0,'Hércules'),(1,'George',22,153497,0,'Hércules'),(1,'Hércules',22,153498,0,'Hércules'),(1,'Roberto',22,153499,0,'Hércules'),(1,'Stiffer',22,153500,0,'Hércules'),(1,'Adriano',22,153501,0,'Roberto'),(1,'Alencar',22,153502,0,'Roberto'),(1,'Eraldo',22,153503,0,'Roberto'),(1,'George',22,153504,0,'Roberto'),(1,'Hércules',22,153505,0,'Roberto'),(1,'Roberto',22,153506,0,'Roberto'),(1,'Stiffer',22,153507,0,'Roberto'),(1,'Adriano',22,153508,0,'Stiffer'),(1,'Alencar',22,153509,0,'Stiffer'),(1,'Eraldo',22,153510,0,'Stiffer'),(1,'George',22,153511,0,'Stiffer'),(1,'Hércules',22,153512,0,'Stiffer'),(1,'Roberto',22,153513,0,'Stiffer'),(1,'Stiffer',22,153514,0,'Stiffer'),(1,'Adriano',23,153515,0,'Adriano'),(1,'Alencar',23,153516,0,'Adriano'),(1,'Eraldo',23,153517,0,'Adriano'),(1,'George',23,153518,0,'Adriano'),(1,'Hércules',23,153519,0,'Adriano'),(1,'Roberto',23,153520,0,'Adriano'),(1,'Stiffer',23,153521,0,'Adriano'),(1,'Adriano',23,153522,0,'Alencar'),(1,'Alencar',23,153523,0,'Alencar'),(1,'Eraldo',23,153524,0,'Alencar'),(1,'George',23,153525,0,'Alencar'),(1,'Hércules',23,153526,0,'Alencar'),(1,'Roberto',23,153527,0,'Alencar'),(1,'Stiffer',23,153528,0,'Alencar'),(1,'Adriano',23,153529,0,'Eraldo'),(1,'Alencar',23,153530,0,'Eraldo'),(1,'Eraldo',23,153531,0,'Eraldo'),(1,'George',23,153532,0,'Eraldo'),(1,'Hércules',23,153533,0,'Eraldo'),(1,'Roberto',23,153534,0,'Eraldo'),(1,'Stiffer',23,153535,0,'Eraldo'),(1,'Adriano',23,153536,0,'George'),(1,'Alencar',23,153537,0,'George'),(1,'Eraldo',23,153538,0,'George'),(1,'George',23,153539,0,'George'),(1,'Hércules',23,153540,0,'George'),(1,'Roberto',23,153541,0,'George'),(1,'Stiffer',23,153542,0,'George'),(1,'Adriano',23,153543,0,'Hércules'),(1,'Alencar',23,153544,0,'Hércules'),(1,'Eraldo',23,153545,0,'Hércules'),(1,'George',23,153546,0,'Hércules'),(1,'Hércules',23,153547,0,'Hércules'),(1,'Roberto',23,153548,0,'Hércules'),(1,'Stiffer',23,153549,0,'Hércules'),(1,'Adriano',23,153550,0,'Roberto'),(1,'Alencar',23,153551,0,'Roberto'),(1,'Eraldo',23,153552,0,'Roberto'),(1,'George',23,153553,0,'Roberto'),(1,'Hércules',23,153554,0,'Roberto'),(1,'Roberto',23,153555,0,'Roberto'),(1,'Stiffer',23,153556,0,'Roberto'),(1,'Adriano',23,153557,0,'Stiffer'),(1,'Alencar',23,153558,0,'Stiffer'),(1,'Eraldo',23,153559,0,'Stiffer'),(1,'George',23,153560,0,'Stiffer'),(1,'Hércules',23,153561,0,'Stiffer'),(1,'Roberto',23,153562,0,'Stiffer'),(1,'Stiffer',23,153563,0,'Stiffer'),(1,'Adriano',24,153564,0,'Adriano'),(1,'Alencar',24,153565,0,'Adriano'),(1,'Eraldo',24,153566,0,'Adriano'),(1,'George',24,153567,0,'Adriano'),(1,'Hércules',24,153568,0,'Adriano'),(1,'Roberto',24,153569,0,'Adriano'),(1,'Stiffer',24,153570,0,'Adriano'),(1,'Adriano',24,153571,0,'Alencar'),(1,'Alencar',24,153572,0,'Alencar'),(1,'Eraldo',24,153573,0,'Alencar'),(1,'George',24,153574,0,'Alencar'),(1,'Hércules',24,153575,0,'Alencar'),(1,'Roberto',24,153576,0,'Alencar'),(1,'Stiffer',24,153577,0,'Alencar'),(1,'Adriano',24,153578,0,'Eraldo'),(1,'Alencar',24,153579,0,'Eraldo'),(1,'Eraldo',24,153580,0,'Eraldo'),(1,'George',24,153581,0,'Eraldo'),(1,'Hércules',24,153582,0,'Eraldo'),(1,'Roberto',24,153583,0,'Eraldo'),(1,'Stiffer',24,153584,0,'Eraldo'),(1,'Adriano',24,153585,0,'George'),(1,'Alencar',24,153586,0,'George'),(1,'Eraldo',24,153587,0,'George'),(1,'George',24,153588,0,'George'),(1,'Hércules',24,153589,0,'George'),(1,'Roberto',24,153590,0,'George'),(1,'Stiffer',24,153591,0,'George'),(1,'Adriano',24,153592,0,'Hércules'),(1,'Alencar',24,153593,0,'Hércules'),(1,'Eraldo',24,153594,0,'Hércules'),(1,'George',24,153595,0,'Hércules'),(1,'Hércules',24,153596,0,'Hércules'),(1,'Roberto',24,153597,0,'Hércules'),(1,'Stiffer',24,153598,0,'Hércules'),(1,'Adriano',24,153599,0,'Roberto'),(1,'Alencar',24,153600,0,'Roberto'),(1,'Eraldo',24,153601,0,'Roberto'),(1,'George',24,153602,0,'Roberto'),(1,'Hércules',24,153603,0,'Roberto'),(1,'Roberto',24,153604,0,'Roberto'),(1,'Stiffer',24,153605,0,'Roberto'),(1,'Adriano',24,153606,0,'Stiffer'),(1,'Alencar',24,153607,0,'Stiffer'),(1,'Eraldo',24,153608,0,'Stiffer'),(1,'George',24,153609,0,'Stiffer'),(1,'Hércules',24,153610,0,'Stiffer'),(1,'Roberto',24,153611,0,'Stiffer'),(1,'Stiffer',24,153612,0,'Stiffer'),(1,'Adriano',25,153613,0,'Adriano'),(1,'Alencar',25,153614,0,'Adriano'),(1,'Eraldo',25,153615,0,'Adriano'),(1,'George',25,153616,0,'Adriano'),(1,'Hércules',25,153617,0,'Adriano'),(1,'Roberto',25,153618,0,'Adriano'),(1,'Stiffer',25,153619,0,'Adriano'),(1,'Adriano',25,153620,0,'Alencar'),(1,'Alencar',25,153621,0,'Alencar'),(1,'Eraldo',25,153622,0,'Alencar'),(1,'George',25,153623,0,'Alencar'),(1,'Hércules',25,153624,0,'Alencar'),(1,'Roberto',25,153625,0,'Alencar'),(1,'Stiffer',25,153626,0,'Alencar'),(1,'Adriano',25,153627,0,'Eraldo'),(1,'Alencar',25,153628,0,'Eraldo'),(1,'Eraldo',25,153629,0,'Eraldo'),(1,'George',25,153630,0,'Eraldo'),(1,'Hércules',25,153631,0,'Eraldo'),(1,'Roberto',25,153632,0,'Eraldo'),(1,'Stiffer',25,153633,0,'Eraldo'),(1,'Adriano',25,153634,0,'George'),(1,'Alencar',25,153635,0,'George'),(1,'Eraldo',25,153636,0,'George'),(1,'George',25,153637,0,'George'),(1,'Hércules',25,153638,0,'George'),(1,'Roberto',25,153639,0,'George'),(1,'Stiffer',25,153640,0,'George'),(1,'Adriano',25,153641,0,'Hércules'),(1,'Alencar',25,153642,0,'Hércules'),(1,'Eraldo',25,153643,0,'Hércules'),(1,'George',25,153644,0,'Hércules'),(1,'Hércules',25,153645,0,'Hércules'),(1,'Roberto',25,153646,0,'Hércules'),(1,'Stiffer',25,153647,0,'Hércules'),(1,'Adriano',25,153648,0,'Roberto'),(1,'Alencar',25,153649,0,'Roberto'),(1,'Eraldo',25,153650,0,'Roberto'),(1,'George',25,153651,0,'Roberto'),(1,'Hércules',25,153652,0,'Roberto'),(1,'Roberto',25,153653,0,'Roberto'),(1,'Stiffer',25,153654,0,'Roberto'),(1,'Adriano',25,153655,0,'Stiffer'),(1,'Alencar',25,153656,0,'Stiffer'),(1,'Eraldo',25,153657,0,'Stiffer'),(1,'George',25,153658,0,'Stiffer'),(1,'Hércules',25,153659,0,'Stiffer'),(1,'Roberto',25,153660,0,'Stiffer'),(1,'Stiffer',25,153661,0,'Stiffer'),(1,'Adriano',26,153662,0,'Adriano'),(1,'Alencar',26,153663,0,'Adriano'),(1,'Eraldo',26,153664,0,'Adriano'),(1,'George',26,153665,0,'Adriano'),(1,'Hércules',26,153666,0,'Adriano'),(1,'Roberto',26,153667,0,'Adriano'),(1,'Stiffer',26,153668,0,'Adriano'),(1,'Adriano',26,153669,0,'Alencar'),(1,'Alencar',26,153670,0,'Alencar'),(1,'Eraldo',26,153671,0,'Alencar'),(1,'George',26,153672,0,'Alencar'),(1,'Hércules',26,153673,0,'Alencar'),(1,'Roberto',26,153674,0,'Alencar'),(1,'Stiffer',26,153675,0,'Alencar'),(1,'Adriano',26,153676,0,'Eraldo'),(1,'Alencar',26,153677,0,'Eraldo'),(1,'Eraldo',26,153678,0,'Eraldo'),(1,'George',26,153679,0,'Eraldo'),(1,'Hércules',26,153680,0,'Eraldo'),(1,'Roberto',26,153681,0,'Eraldo'),(1,'Stiffer',26,153682,0,'Eraldo'),(1,'Adriano',26,153683,0,'George'),(1,'Alencar',26,153684,0,'George'),(1,'Eraldo',26,153685,0,'George'),(1,'George',26,153686,0,'George'),(1,'Hércules',26,153687,0,'George'),(1,'Roberto',26,153688,0,'George'),(1,'Stiffer',26,153689,0,'George'),(1,'Adriano',26,153690,0,'Hércules'),(1,'Alencar',26,153691,0,'Hércules'),(1,'Eraldo',26,153692,0,'Hércules'),(1,'George',26,153693,0,'Hércules'),(1,'Hércules',26,153694,0,'Hércules'),(1,'Roberto',26,153695,0,'Hércules'),(1,'Stiffer',26,153696,0,'Hércules'),(1,'Adriano',26,153697,0,'Roberto'),(1,'Alencar',26,153698,0,'Roberto'),(1,'Eraldo',26,153699,0,'Roberto'),(1,'George',26,153700,0,'Roberto'),(1,'Hércules',26,153701,0,'Roberto'),(1,'Roberto',26,153702,0,'Roberto'),(1,'Stiffer',26,153703,0,'Roberto'),(1,'Adriano',26,153704,0,'Stiffer'),(1,'Alencar',26,153705,0,'Stiffer'),(1,'Eraldo',26,153706,0,'Stiffer'),(1,'George',26,153707,0,'Stiffer'),(1,'Hércules',26,153708,0,'Stiffer'),(1,'Roberto',26,153709,0,'Stiffer'),(1,'Stiffer',26,153710,0,'Stiffer'),(1,'Adriano',27,153711,0,'Adriano'),(1,'Alencar',27,153712,0,'Adriano'),(1,'Eraldo',27,153713,0,'Adriano'),(1,'George',27,153714,0,'Adriano'),(1,'Hércules',27,153715,0,'Adriano'),(1,'Roberto',27,153716,0,'Adriano'),(1,'Stiffer',27,153717,0,'Adriano'),(1,'Adriano',27,153718,0,'Alencar'),(1,'Alencar',27,153719,0,'Alencar'),(1,'Eraldo',27,153720,0,'Alencar'),(1,'George',27,153721,0,'Alencar'),(1,'Hércules',27,153722,0,'Alencar'),(1,'Roberto',27,153723,0,'Alencar'),(1,'Stiffer',27,153724,0,'Alencar'),(1,'Adriano',27,153725,0,'Eraldo'),(1,'Alencar',27,153726,0,'Eraldo'),(1,'Eraldo',27,153727,0,'Eraldo'),(1,'George',27,153728,0,'Eraldo'),(1,'Hércules',27,153729,0,'Eraldo'),(1,'Roberto',27,153730,0,'Eraldo'),(1,'Stiffer',27,153731,0,'Eraldo'),(1,'Adriano',27,153732,0,'George'),(1,'Alencar',27,153733,0,'George'),(1,'Eraldo',27,153734,0,'George'),(1,'George',27,153735,0,'George'),(1,'Hércules',27,153736,0,'George'),(1,'Roberto',27,153737,0,'George'),(1,'Stiffer',27,153738,0,'George'),(1,'Adriano',27,153739,0,'Hércules'),(1,'Alencar',27,153740,0,'Hércules'),(1,'Eraldo',27,153741,0,'Hércules'),(1,'George',27,153742,0,'Hércules'),(1,'Hércules',27,153743,0,'Hércules'),(1,'Roberto',27,153744,0,'Hércules'),(1,'Stiffer',27,153745,0,'Hércules'),(1,'Adriano',27,153746,0,'Roberto'),(1,'Alencar',27,153747,0,'Roberto'),(1,'Eraldo',27,153748,0,'Roberto'),(1,'George',27,153749,0,'Roberto'),(1,'Hércules',27,153750,0,'Roberto'),(1,'Roberto',27,153751,0,'Roberto'),(1,'Stiffer',27,153752,0,'Roberto'),(1,'Adriano',27,153753,0,'Stiffer'),(1,'Alencar',27,153754,0,'Stiffer'),(1,'Eraldo',27,153755,0,'Stiffer'),(1,'George',27,153756,0,'Stiffer'),(1,'Hércules',27,153757,0,'Stiffer'),(1,'Roberto',27,153758,0,'Stiffer'),(1,'Stiffer',27,153759,0,'Stiffer'),(1,'Adriano',28,153760,0,'Adriano'),(1,'Alencar',28,153761,0,'Adriano'),(1,'Eraldo',28,153762,0,'Adriano'),(1,'George',28,153763,0,'Adriano'),(1,'Hércules',28,153764,0,'Adriano'),(1,'Roberto',28,153765,0,'Adriano'),(1,'Stiffer',28,153766,0,'Adriano'),(1,'Adriano',28,153767,0,'Alencar'),(1,'Alencar',28,153768,0,'Alencar'),(1,'Eraldo',28,153769,0,'Alencar'),(1,'George',28,153770,0,'Alencar'),(1,'Hércules',28,153771,0,'Alencar'),(1,'Roberto',28,153772,0,'Alencar'),(1,'Stiffer',28,153773,0,'Alencar'),(1,'Adriano',28,153774,0,'Eraldo'),(1,'Alencar',28,153775,0,'Eraldo'),(1,'Eraldo',28,153776,0,'Eraldo'),(1,'George',28,153777,0,'Eraldo'),(1,'Hércules',28,153778,0,'Eraldo'),(1,'Roberto',28,153779,0,'Eraldo'),(1,'Stiffer',28,153780,0,'Eraldo'),(1,'Adriano',28,153781,0,'George'),(1,'Alencar',28,153782,0,'George'),(1,'Eraldo',28,153783,0,'George'),(1,'George',28,153784,0,'George'),(1,'Hércules',28,153785,0,'George'),(1,'Roberto',28,153786,0,'George'),(1,'Stiffer',28,153787,0,'George'),(1,'Adriano',28,153788,0,'Hércules'),(1,'Alencar',28,153789,0,'Hércules'),(1,'Eraldo',28,153790,0,'Hércules'),(1,'George',28,153791,0,'Hércules'),(1,'Hércules',28,153792,0,'Hércules'),(1,'Roberto',28,153793,0,'Hércules'),(1,'Stiffer',28,153794,0,'Hércules'),(1,'Adriano',28,153795,0,'Roberto'),(1,'Alencar',28,153796,0,'Roberto'),(1,'Eraldo',28,153797,0,'Roberto'),(1,'George',28,153798,0,'Roberto'),(1,'Hércules',28,153799,0,'Roberto'),(1,'Roberto',28,153800,0,'Roberto'),(1,'Stiffer',28,153801,0,'Roberto'),(1,'Adriano',28,153802,0,'Stiffer'),(1,'Alencar',28,153803,0,'Stiffer'),(1,'Eraldo',28,153804,0,'Stiffer'),(1,'George',28,153805,0,'Stiffer'),(1,'Hércules',28,153806,0,'Stiffer'),(1,'Roberto',28,153807,0,'Stiffer'),(1,'Stiffer',28,153808,0,'Stiffer'),(1,'Adriano',29,153809,0,'Adriano'),(1,'Alencar',29,153810,0,'Adriano'),(1,'Eraldo',29,153811,0,'Adriano'),(1,'George',29,153812,0,'Adriano'),(1,'Hércules',29,153813,0,'Adriano'),(1,'Roberto',29,153814,0,'Adriano'),(1,'Stiffer',29,153815,0,'Adriano'),(1,'Adriano',29,153816,0,'Alencar'),(1,'Alencar',29,153817,0,'Alencar'),(1,'Eraldo',29,153818,0,'Alencar'),(1,'George',29,153819,0,'Alencar'),(1,'Hércules',29,153820,0,'Alencar'),(1,'Roberto',29,153821,0,'Alencar'),(1,'Stiffer',29,153822,0,'Alencar'),(1,'Adriano',29,153823,0,'Eraldo'),(1,'Alencar',29,153824,0,'Eraldo'),(1,'Eraldo',29,153825,0,'Eraldo'),(1,'George',29,153826,0,'Eraldo'),(1,'Hércules',29,153827,0,'Eraldo'),(1,'Roberto',29,153828,0,'Eraldo'),(1,'Stiffer',29,153829,0,'Eraldo'),(1,'Adriano',29,153830,0,'George'),(1,'Alencar',29,153831,0,'George'),(1,'Eraldo',29,153832,0,'George'),(1,'George',29,153833,0,'George'),(1,'Hércules',29,153834,0,'George'),(1,'Roberto',29,153835,0,'George'),(1,'Stiffer',29,153836,0,'George'),(1,'Adriano',29,153837,0,'Hércules'),(1,'Alencar',29,153838,0,'Hércules'),(1,'Eraldo',29,153839,0,'Hércules'),(1,'George',29,153840,0,'Hércules'),(1,'Hércules',29,153841,0,'Hércules'),(1,'Roberto',29,153842,0,'Hércules'),(1,'Stiffer',29,153843,0,'Hércules'),(1,'Adriano',29,153844,0,'Roberto'),(1,'Alencar',29,153845,0,'Roberto'),(1,'Eraldo',29,153846,0,'Roberto'),(1,'George',29,153847,0,'Roberto'),(1,'Hércules',29,153848,0,'Roberto'),(1,'Roberto',29,153849,0,'Roberto'),(1,'Stiffer',29,153850,0,'Roberto'),(1,'Adriano',29,153851,0,'Stiffer'),(1,'Alencar',29,153852,0,'Stiffer'),(1,'Eraldo',29,153853,0,'Stiffer'),(1,'George',29,153854,0,'Stiffer'),(1,'Hércules',29,153855,0,'Stiffer'),(1,'Roberto',29,153856,0,'Stiffer'),(1,'Stiffer',29,153857,0,'Stiffer'),(1,'Adriano',30,153858,0,'Adriano'),(1,'Alencar',30,153859,0,'Adriano'),(1,'Eraldo',30,153860,0,'Adriano'),(1,'George',30,153861,0,'Adriano'),(1,'Hércules',30,153862,0,'Adriano'),(1,'Roberto',30,153863,0,'Adriano'),(1,'Stiffer',30,153864,0,'Adriano'),(1,'Adriano',30,153865,0,'Alencar'),(1,'Alencar',30,153866,0,'Alencar'),(1,'Eraldo',30,153867,0,'Alencar'),(1,'George',30,153868,0,'Alencar'),(1,'Hércules',30,153869,0,'Alencar'),(1,'Roberto',30,153870,0,'Alencar'),(1,'Stiffer',30,153871,0,'Alencar'),(1,'Adriano',30,153872,0,'Eraldo'),(1,'Alencar',30,153873,0,'Eraldo'),(1,'Eraldo',30,153874,0,'Eraldo'),(1,'George',30,153875,0,'Eraldo'),(1,'Hércules',30,153876,0,'Eraldo'),(1,'Roberto',30,153877,0,'Eraldo'),(1,'Stiffer',30,153878,0,'Eraldo'),(1,'Adriano',30,153879,0,'George'),(1,'Alencar',30,153880,0,'George'),(1,'Eraldo',30,153881,0,'George'),(1,'George',30,153882,0,'George'),(1,'Hércules',30,153883,0,'George'),(1,'Roberto',30,153884,0,'George'),(1,'Stiffer',30,153885,0,'George'),(1,'Adriano',30,153886,0,'Hércules'),(1,'Alencar',30,153887,0,'Hércules'),(1,'Eraldo',30,153888,0,'Hércules'),(1,'George',30,153889,0,'Hércules'),(1,'Hércules',30,153890,0,'Hércules'),(1,'Roberto',30,153891,0,'Hércules'),(1,'Stiffer',30,153892,0,'Hércules'),(1,'Adriano',30,153893,0,'Roberto'),(1,'Alencar',30,153894,0,'Roberto'),(1,'Eraldo',30,153895,0,'Roberto'),(1,'George',30,153896,0,'Roberto'),(1,'Hércules',30,153897,0,'Roberto'),(1,'Roberto',30,153898,0,'Roberto'),(1,'Stiffer',30,153899,0,'Roberto'),(1,'Adriano',30,153900,0,'Stiffer'),(1,'Alencar',30,153901,0,'Stiffer'),(1,'Eraldo',30,153902,0,'Stiffer'),(1,'George',30,153903,0,'Stiffer'),(1,'Hércules',30,153904,0,'Stiffer'),(1,'Roberto',30,153905,0,'Stiffer'),(1,'Stiffer',30,153906,0,'Stiffer'),(1,'Adriano',31,153907,0,'Adriano'),(1,'Alencar',31,153908,0,'Adriano'),(1,'Eraldo',31,153909,0,'Adriano'),(1,'George',31,153910,0,'Adriano'),(1,'Hércules',31,153911,0,'Adriano'),(1,'Roberto',31,153912,0,'Adriano'),(1,'Stiffer',31,153913,0,'Adriano'),(1,'Adriano',31,153914,0,'Alencar'),(1,'Alencar',31,153915,0,'Alencar'),(1,'Eraldo',31,153916,0,'Alencar'),(1,'George',31,153917,0,'Alencar'),(1,'Hércules',31,153918,0,'Alencar'),(1,'Roberto',31,153919,0,'Alencar'),(1,'Stiffer',31,153920,0,'Alencar'),(1,'Adriano',31,153921,0,'Eraldo'),(1,'Alencar',31,153922,0,'Eraldo'),(1,'Eraldo',31,153923,0,'Eraldo'),(1,'George',31,153924,0,'Eraldo'),(1,'Hércules',31,153925,0,'Eraldo'),(1,'Roberto',31,153926,0,'Eraldo'),(1,'Stiffer',31,153927,0,'Eraldo'),(1,'Adriano',31,153928,0,'George'),(1,'Alencar',31,153929,0,'George'),(1,'Eraldo',31,153930,0,'George'),(1,'George',31,153931,0,'George'),(1,'Hércules',31,153932,0,'George'),(1,'Roberto',31,153933,0,'George'),(1,'Stiffer',31,153934,0,'George'),(1,'Adriano',31,153935,0,'Hércules'),(1,'Alencar',31,153936,0,'Hércules'),(1,'Eraldo',31,153937,0,'Hércules'),(1,'George',31,153938,0,'Hércules'),(1,'Hércules',31,153939,0,'Hércules'),(1,'Roberto',31,153940,0,'Hércules'),(1,'Stiffer',31,153941,0,'Hércules'),(1,'Adriano',31,153942,0,'Roberto'),(1,'Alencar',31,153943,0,'Roberto'),(1,'Eraldo',31,153944,0,'Roberto'),(1,'George',31,153945,0,'Roberto'),(1,'Hércules',31,153946,0,'Roberto'),(1,'Roberto',31,153947,0,'Roberto'),(1,'Stiffer',31,153948,0,'Roberto'),(1,'Adriano',31,153949,0,'Stiffer'),(1,'Alencar',31,153950,0,'Stiffer'),(1,'Eraldo',31,153951,0,'Stiffer'),(1,'George',31,153952,0,'Stiffer'),(1,'Hércules',31,153953,0,'Stiffer'),(1,'Roberto',31,153954,0,'Stiffer'),(1,'Stiffer',31,153955,0,'Stiffer'),(1,'Adriano',32,153956,0,'Adriano'),(1,'Alencar',32,153957,0,'Adriano'),(1,'Eraldo',32,153958,0,'Adriano'),(1,'George',32,153959,0,'Adriano'),(1,'Hércules',32,153960,0,'Adriano'),(1,'Roberto',32,153961,0,'Adriano'),(1,'Stiffer',32,153962,0,'Adriano'),(1,'Adriano',32,153963,0,'Alencar'),(1,'Alencar',32,153964,0,'Alencar'),(1,'Eraldo',32,153965,0,'Alencar'),(1,'George',32,153966,0,'Alencar'),(1,'Hércules',32,153967,0,'Alencar'),(1,'Roberto',32,153968,0,'Alencar'),(1,'Stiffer',32,153969,0,'Alencar'),(1,'Adriano',32,153970,0,'Eraldo'),(1,'Alencar',32,153971,0,'Eraldo'),(1,'Eraldo',32,153972,0,'Eraldo'),(1,'George',32,153973,0,'Eraldo'),(1,'Hércules',32,153974,0,'Eraldo'),(1,'Roberto',32,153975,0,'Eraldo'),(1,'Stiffer',32,153976,0,'Eraldo'),(1,'Adriano',32,153977,0,'George'),(1,'Alencar',32,153978,0,'George'),(1,'Eraldo',32,153979,0,'George'),(1,'George',32,153980,0,'George'),(1,'Hércules',32,153981,0,'George'),(1,'Roberto',32,153982,0,'George'),(1,'Stiffer',32,153983,0,'George'),(1,'Adriano',32,153984,0,'Hércules'),(1,'Alencar',32,153985,0,'Hércules'),(1,'Eraldo',32,153986,0,'Hércules'),(1,'George',32,153987,0,'Hércules'),(1,'Hércules',32,153988,0,'Hércules'),(1,'Roberto',32,153989,0,'Hércules'),(1,'Stiffer',32,153990,0,'Hércules'),(1,'Adriano',32,153991,0,'Roberto'),(1,'Alencar',32,153992,0,'Roberto'),(1,'Eraldo',32,153993,0,'Roberto'),(1,'George',32,153994,0,'Roberto'),(1,'Hércules',32,153995,0,'Roberto'),(1,'Roberto',32,153996,0,'Roberto'),(1,'Stiffer',32,153997,0,'Roberto'),(1,'Adriano',32,153998,0,'Stiffer'),(1,'Alencar',32,153999,0,'Stiffer'),(1,'Eraldo',32,154000,0,'Stiffer'),(1,'George',32,154001,0,'Stiffer'),(1,'Hércules',32,154002,0,'Stiffer'),(1,'Roberto',32,154003,0,'Stiffer'),(1,'Stiffer',32,154004,0,'Stiffer'),(1,'Adriano',33,154005,0,'Adriano'),(1,'Alencar',33,154006,0,'Adriano'),(1,'Eraldo',33,154007,0,'Adriano'),(1,'George',33,154008,0,'Adriano'),(1,'Hércules',33,154009,0,'Adriano'),(1,'Roberto',33,154010,0,'Adriano'),(1,'Stiffer',33,154011,0,'Adriano'),(1,'Adriano',33,154012,0,'Alencar'),(1,'Alencar',33,154013,0,'Alencar'),(1,'Eraldo',33,154014,0,'Alencar'),(1,'George',33,154015,0,'Alencar'),(1,'Hércules',33,154016,0,'Alencar'),(1,'Roberto',33,154017,0,'Alencar'),(1,'Stiffer',33,154018,0,'Alencar'),(1,'Adriano',33,154019,0,'Eraldo'),(1,'Alencar',33,154020,0,'Eraldo'),(1,'Eraldo',33,154021,0,'Eraldo'),(1,'George',33,154022,0,'Eraldo'),(1,'Hércules',33,154023,0,'Eraldo'),(1,'Roberto',33,154024,0,'Eraldo'),(1,'Stiffer',33,154025,0,'Eraldo'),(1,'Adriano',33,154026,0,'George'),(1,'Alencar',33,154027,0,'George'),(1,'Eraldo',33,154028,0,'George'),(1,'George',33,154029,0,'George'),(1,'Hércules',33,154030,0,'George'),(1,'Roberto',33,154031,0,'George'),(1,'Stiffer',33,154032,0,'George'),(1,'Adriano',33,154033,0,'Hércules'),(1,'Alencar',33,154034,0,'Hércules'),(1,'Eraldo',33,154035,0,'Hércules'),(1,'George',33,154036,0,'Hércules'),(1,'Hércules',33,154037,0,'Hércules'),(1,'Roberto',33,154038,0,'Hércules'),(1,'Stiffer',33,154039,0,'Hércules'),(1,'Adriano',33,154040,0,'Roberto'),(1,'Alencar',33,154041,0,'Roberto'),(1,'Eraldo',33,154042,0,'Roberto'),(1,'George',33,154043,0,'Roberto'),(1,'Hércules',33,154044,0,'Roberto'),(1,'Roberto',33,154045,0,'Roberto'),(1,'Stiffer',33,154046,0,'Roberto'),(1,'Adriano',33,154047,0,'Stiffer'),(1,'Alencar',33,154048,0,'Stiffer'),(1,'Eraldo',33,154049,0,'Stiffer'),(1,'George',33,154050,0,'Stiffer'),(1,'Hércules',33,154051,0,'Stiffer'),(1,'Roberto',33,154052,0,'Stiffer'),(1,'Stiffer',33,154053,0,'Stiffer'),(1,'Adriano',35,154054,0,'Adriano'),(1,'Alencar',35,154055,0,'Adriano'),(1,'Eraldo',35,154056,0,'Adriano'),(1,'George',35,154057,0,'Adriano'),(1,'Hércules',35,154058,0,'Adriano'),(1,'Roberto',35,154059,0,'Adriano'),(1,'Stiffer',35,154060,0,'Adriano'),(1,'Adriano',35,154061,0,'Alencar'),(1,'Alencar',35,154062,0,'Alencar'),(1,'Eraldo',35,154063,0,'Alencar'),(1,'George',35,154064,0,'Alencar'),(1,'Hércules',35,154065,0,'Alencar'),(1,'Roberto',35,154066,0,'Alencar'),(1,'Stiffer',35,154067,0,'Alencar'),(1,'Adriano',35,154068,0,'Eraldo'),(1,'Alencar',35,154069,0,'Eraldo'),(1,'Eraldo',35,154070,0,'Eraldo'),(1,'George',35,154071,0,'Eraldo'),(1,'Hércules',35,154072,0,'Eraldo'),(1,'Roberto',35,154073,0,'Eraldo'),(1,'Stiffer',35,154074,0,'Eraldo'),(1,'Adriano',35,154075,0,'George'),(1,'Alencar',35,154076,0,'George'),(1,'Eraldo',35,154077,0,'George'),(1,'George',35,154078,0,'George'),(1,'Hércules',35,154079,0,'George'),(1,'Roberto',35,154080,0,'George'),(1,'Stiffer',35,154081,0,'George'),(1,'Adriano',35,154082,0,'Hércules'),(1,'Alencar',35,154083,0,'Hércules'),(1,'Eraldo',35,154084,0,'Hércules'),(1,'George',35,154085,0,'Hércules'),(1,'Hércules',35,154086,0,'Hércules'),(1,'Roberto',35,154087,0,'Hércules'),(1,'Stiffer',35,154088,0,'Hércules'),(1,'Adriano',35,154089,0,'Roberto'),(1,'Alencar',35,154090,0,'Roberto'),(1,'Eraldo',35,154091,0,'Roberto'),(1,'George',35,154092,0,'Roberto'),(1,'Hércules',35,154093,0,'Roberto'),(1,'Roberto',35,154094,0,'Roberto'),(1,'Stiffer',35,154095,0,'Roberto'),(1,'Adriano',35,154096,0,'Stiffer'),(1,'Alencar',35,154097,0,'Stiffer'),(1,'Eraldo',35,154098,0,'Stiffer'),(1,'George',35,154099,0,'Stiffer'),(1,'Hércules',35,154100,0,'Stiffer'),(1,'Roberto',35,154101,0,'Stiffer'),(1,'Stiffer',35,154102,0,'Stiffer'),(1,'Adriano',36,154103,0,'Adriano'),(1,'Alencar',36,154104,0,'Adriano'),(1,'Eraldo',36,154105,0,'Adriano'),(1,'George',36,154106,0,'Adriano'),(1,'Hércules',36,154107,0,'Adriano'),(1,'Roberto',36,154108,0,'Adriano'),(1,'Stiffer',36,154109,0,'Adriano'),(1,'Adriano',36,154110,0,'Alencar'),(1,'Alencar',36,154111,0,'Alencar'),(1,'Eraldo',36,154112,0,'Alencar'),(1,'George',36,154113,0,'Alencar'),(1,'Hércules',36,154114,0,'Alencar'),(1,'Roberto',36,154115,0,'Alencar'),(1,'Stiffer',36,154116,0,'Alencar'),(1,'Adriano',36,154117,0,'Eraldo'),(1,'Alencar',36,154118,0,'Eraldo'),(1,'Eraldo',36,154119,0,'Eraldo'),(1,'George',36,154120,0,'Eraldo'),(1,'Hércules',36,154121,0,'Eraldo'),(1,'Roberto',36,154122,0,'Eraldo'),(1,'Stiffer',36,154123,0,'Eraldo'),(1,'Adriano',36,154124,0,'George'),(1,'Alencar',36,154125,0,'George'),(1,'Eraldo',36,154126,0,'George'),(1,'George',36,154127,0,'George'),(1,'Hércules',36,154128,0,'George'),(1,'Roberto',36,154129,0,'George'),(1,'Stiffer',36,154130,0,'George'),(1,'Adriano',36,154131,0,'Hércules'),(1,'Alencar',36,154132,0,'Hércules'),(1,'Eraldo',36,154133,0,'Hércules'),(1,'George',36,154134,0,'Hércules'),(1,'Hércules',36,154135,0,'Hércules'),(1,'Roberto',36,154136,0,'Hércules'),(1,'Stiffer',36,154137,0,'Hércules'),(1,'Adriano',36,154138,0,'Roberto'),(1,'Alencar',36,154139,0,'Roberto'),(1,'Eraldo',36,154140,0,'Roberto'),(1,'George',36,154141,0,'Roberto'),(1,'Hércules',36,154142,0,'Roberto'),(1,'Roberto',36,154143,0,'Roberto'),(1,'Stiffer',36,154144,0,'Roberto'),(1,'Adriano',36,154145,0,'Stiffer'),(1,'Alencar',36,154146,0,'Stiffer'),(1,'Eraldo',36,154147,0,'Stiffer'),(1,'George',36,154148,0,'Stiffer'),(1,'Hércules',36,154149,0,'Stiffer'),(1,'Roberto',36,154150,0,'Stiffer'),(1,'Stiffer',36,154151,0,'Stiffer'),(1,'Adriano',37,154152,0,'Adriano'),(1,'Alencar',37,154153,0,'Adriano'),(1,'Eraldo',37,154154,0,'Adriano'),(1,'George',37,154155,0,'Adriano'),(1,'Hércules',37,154156,0,'Adriano'),(1,'Roberto',37,154157,0,'Adriano'),(1,'Stiffer',37,154158,0,'Adriano'),(1,'Adriano',37,154159,0,'Alencar'),(1,'Alencar',37,154160,0,'Alencar'),(1,'Eraldo',37,154161,0,'Alencar'),(1,'George',37,154162,0,'Alencar'),(1,'Hércules',37,154163,0,'Alencar'),(1,'Roberto',37,154164,0,'Alencar'),(1,'Stiffer',37,154165,0,'Alencar'),(1,'Adriano',37,154166,0,'Eraldo'),(1,'Alencar',37,154167,0,'Eraldo'),(1,'Eraldo',37,154168,0,'Eraldo'),(1,'George',37,154169,0,'Eraldo'),(1,'Hércules',37,154170,0,'Eraldo'),(1,'Roberto',37,154171,0,'Eraldo'),(1,'Stiffer',37,154172,0,'Eraldo'),(1,'Adriano',37,154173,0,'George'),(1,'Alencar',37,154174,0,'George'),(1,'Eraldo',37,154175,0,'George'),(1,'George',37,154176,0,'George'),(1,'Hércules',37,154177,0,'George'),(1,'Roberto',37,154178,0,'George'),(1,'Stiffer',37,154179,0,'George'),(1,'Adriano',37,154180,0,'Hércules'),(1,'Alencar',37,154181,0,'Hércules'),(1,'Eraldo',37,154182,0,'Hércules'),(1,'George',37,154183,0,'Hércules'),(1,'Hércules',37,154184,0,'Hércules'),(1,'Roberto',37,154185,0,'Hércules'),(1,'Stiffer',37,154186,0,'Hércules'),(1,'Adriano',37,154187,0,'Roberto'),(1,'Alencar',37,154188,0,'Roberto'),(1,'Eraldo',37,154189,0,'Roberto'),(1,'George',37,154190,0,'Roberto'),(1,'Hércules',37,154191,0,'Roberto'),(1,'Roberto',37,154192,0,'Roberto'),(1,'Stiffer',37,154193,0,'Roberto'),(1,'Adriano',37,154194,0,'Stiffer'),(1,'Alencar',37,154195,0,'Stiffer'),(1,'Eraldo',37,154196,0,'Stiffer'),(1,'George',37,154197,0,'Stiffer'),(1,'Hércules',37,154198,0,'Stiffer'),(1,'Roberto',37,154199,0,'Stiffer'),(1,'Stiffer',37,154200,0,'Stiffer'),(1,'Adriano',38,154201,0,'Adriano'),(1,'Alencar',38,154202,0,'Adriano'),(1,'Eraldo',38,154203,0,'Adriano'),(1,'George',38,154204,0,'Adriano'),(1,'Hércules',38,154205,0,'Adriano'),(1,'Roberto',38,154206,0,'Adriano'),(1,'Stiffer',38,154207,0,'Adriano'),(1,'Adriano',38,154208,0,'Alencar'),(1,'Alencar',38,154209,0,'Alencar'),(1,'Eraldo',38,154210,0,'Alencar'),(1,'George',38,154211,0,'Alencar'),(1,'Hércules',38,154212,0,'Alencar'),(1,'Roberto',38,154213,0,'Alencar'),(1,'Stiffer',38,154214,0,'Alencar'),(1,'Adriano',38,154215,0,'Eraldo'),(1,'Alencar',38,154216,0,'Eraldo'),(1,'Eraldo',38,154217,0,'Eraldo'),(1,'George',38,154218,0,'Eraldo'),(1,'Hércules',38,154219,0,'Eraldo'),(1,'Roberto',38,154220,0,'Eraldo'),(1,'Stiffer',38,154221,0,'Eraldo'),(1,'Adriano',38,154222,0,'George'),(1,'Alencar',38,154223,0,'George'),(1,'Eraldo',38,154224,0,'George'),(1,'George',38,154225,0,'George'),(1,'Hércules',38,154226,0,'George'),(1,'Roberto',38,154227,0,'George'),(1,'Stiffer',38,154228,0,'George'),(1,'Adriano',38,154229,0,'Hércules'),(1,'Alencar',38,154230,0,'Hércules'),(1,'Eraldo',38,154231,0,'Hércules'),(1,'George',38,154232,0,'Hércules'),(1,'Hércules',38,154233,0,'Hércules'),(1,'Roberto',38,154234,0,'Hércules'),(1,'Stiffer',38,154235,0,'Hércules'),(1,'Adriano',38,154236,0,'Roberto'),(1,'Alencar',38,154237,0,'Roberto'),(1,'Eraldo',38,154238,0,'Roberto'),(1,'George',38,154239,0,'Roberto'),(1,'Hércules',38,154240,0,'Roberto'),(1,'Roberto',38,154241,0,'Roberto'),(1,'Stiffer',38,154242,0,'Roberto'),(1,'Adriano',38,154243,0,'Stiffer'),(1,'Alencar',38,154244,0,'Stiffer'),(1,'Eraldo',38,154245,0,'Stiffer'),(1,'George',38,154246,0,'Stiffer'),(1,'Hércules',38,154247,0,'Stiffer'),(1,'Roberto',38,154248,0,'Stiffer'),(1,'Stiffer',38,154249,0,'Stiffer'),(1,'Adriano',39,154250,0,'Adriano'),(1,'Alencar',39,154251,0,'Adriano'),(1,'Eraldo',39,154252,0,'Adriano'),(1,'George',39,154253,0,'Adriano'),(1,'Hércules',39,154254,0,'Adriano'),(1,'Roberto',39,154255,0,'Adriano'),(1,'Stiffer',39,154256,0,'Adriano'),(1,'Adriano',39,154257,0,'Alencar'),(1,'Alencar',39,154258,0,'Alencar'),(1,'Eraldo',39,154259,0,'Alencar'),(1,'George',39,154260,0,'Alencar'),(1,'Hércules',39,154261,0,'Alencar'),(1,'Roberto',39,154262,0,'Alencar'),(1,'Stiffer',39,154263,0,'Alencar'),(1,'Adriano',39,154264,0,'Eraldo'),(1,'Alencar',39,154265,0,'Eraldo'),(1,'Eraldo',39,154266,0,'Eraldo'),(1,'George',39,154267,0,'Eraldo'),(1,'Hércules',39,154268,0,'Eraldo'),(1,'Roberto',39,154269,0,'Eraldo'),(1,'Stiffer',39,154270,0,'Eraldo'),(1,'Adriano',39,154271,0,'George'),(1,'Alencar',39,154272,0,'George'),(1,'Eraldo',39,154273,0,'George'),(1,'George',39,154274,0,'George'),(1,'Hércules',39,154275,0,'George'),(1,'Roberto',39,154276,0,'George'),(1,'Stiffer',39,154277,0,'George'),(1,'Adriano',39,154278,0,'Hércules'),(1,'Alencar',39,154279,0,'Hércules'),(1,'Eraldo',39,154280,0,'Hércules'),(1,'George',39,154281,0,'Hércules'),(1,'Hércules',39,154282,0,'Hércules'),(1,'Roberto',39,154283,0,'Hércules'),(1,'Stiffer',39,154284,0,'Hércules'),(1,'Adriano',39,154285,0,'Roberto'),(1,'Alencar',39,154286,0,'Roberto'),(1,'Eraldo',39,154287,0,'Roberto'),(1,'George',39,154288,0,'Roberto'),(1,'Hércules',39,154289,0,'Roberto'),(1,'Roberto',39,154290,0,'Roberto'),(1,'Stiffer',39,154291,0,'Roberto'),(1,'Adriano',39,154292,0,'Stiffer'),(1,'Alencar',39,154293,0,'Stiffer'),(1,'Eraldo',39,154294,0,'Stiffer'),(1,'George',39,154295,0,'Stiffer'),(1,'Hércules',39,154296,0,'Stiffer'),(1,'Roberto',39,154297,0,'Stiffer'),(1,'Stiffer',39,154298,0,'Stiffer'),(1,'Adriano',40,154299,0,'Adriano'),(1,'Alencar',40,154300,0,'Adriano'),(1,'Eraldo',40,154301,0,'Adriano'),(1,'George',40,154302,0,'Adriano'),(1,'Hércules',40,154303,0,'Adriano'),(1,'Roberto',40,154304,0,'Adriano'),(1,'Stiffer',40,154305,0,'Adriano'),(1,'Adriano',40,154306,0,'Alencar'),(1,'Alencar',40,154307,0,'Alencar'),(1,'Eraldo',40,154308,0,'Alencar'),(1,'George',40,154309,0,'Alencar'),(1,'Hércules',40,154310,0,'Alencar'),(1,'Roberto',40,154311,0,'Alencar'),(1,'Stiffer',40,154312,0,'Alencar'),(1,'Adriano',40,154313,0,'Eraldo'),(1,'Alencar',40,154314,0,'Eraldo'),(1,'Eraldo',40,154315,0,'Eraldo'),(1,'George',40,154316,0,'Eraldo'),(1,'Hércules',40,154317,0,'Eraldo'),(1,'Roberto',40,154318,0,'Eraldo'),(1,'Stiffer',40,154319,0,'Eraldo'),(1,'Adriano',40,154320,0,'George'),(1,'Alencar',40,154321,0,'George'),(1,'Eraldo',40,154322,0,'George'),(1,'George',40,154323,0,'George'),(1,'Hércules',40,154324,0,'George'),(1,'Roberto',40,154325,0,'George'),(1,'Stiffer',40,154326,0,'George'),(1,'Adriano',40,154327,0,'Hércules'),(1,'Alencar',40,154328,0,'Hércules'),(1,'Eraldo',40,154329,0,'Hércules'),(1,'George',40,154330,0,'Hércules'),(1,'Hércules',40,154331,0,'Hércules'),(1,'Roberto',40,154332,0,'Hércules'),(1,'Stiffer',40,154333,0,'Hércules'),(1,'Adriano',40,154334,0,'Roberto'),(1,'Alencar',40,154335,0,'Roberto'),(1,'Eraldo',40,154336,0,'Roberto'),(1,'George',40,154337,0,'Roberto'),(1,'Hércules',40,154338,0,'Roberto'),(1,'Roberto',40,154339,0,'Roberto'),(1,'Stiffer',40,154340,0,'Roberto'),(1,'Adriano',40,154341,0,'Stiffer'),(1,'Alencar',40,154342,0,'Stiffer'),(1,'Eraldo',40,154343,0,'Stiffer'),(1,'George',40,154344,0,'Stiffer'),(1,'Hércules',40,154345,0,'Stiffer'),(1,'Roberto',40,154346,0,'Stiffer'),(1,'Stiffer',40,154347,0,'Stiffer'),(1,'Adriano',41,154348,0,'Adriano'),(1,'Alencar',41,154349,0,'Adriano'),(1,'Eraldo',41,154350,0,'Adriano'),(1,'George',41,154351,0,'Adriano'),(1,'Hércules',41,154352,0,'Adriano'),(1,'Roberto',41,154353,0,'Adriano'),(1,'Stiffer',41,154354,0,'Adriano'),(1,'Adriano',41,154355,0,'Alencar'),(1,'Alencar',41,154356,0,'Alencar'),(1,'Eraldo',41,154357,0,'Alencar'),(1,'George',41,154358,0,'Alencar'),(1,'Hércules',41,154359,0,'Alencar'),(1,'Roberto',41,154360,0,'Alencar'),(1,'Stiffer',41,154361,0,'Alencar'),(1,'Adriano',41,154362,0,'Eraldo'),(1,'Alencar',41,154363,0,'Eraldo'),(1,'Eraldo',41,154364,0,'Eraldo'),(1,'George',41,154365,0,'Eraldo'),(1,'Hércules',41,154366,0,'Eraldo'),(1,'Roberto',41,154367,0,'Eraldo'),(1,'Stiffer',41,154368,0,'Eraldo'),(1,'Adriano',41,154369,0,'George'),(1,'Alencar',41,154370,0,'George'),(1,'Eraldo',41,154371,0,'George'),(1,'George',41,154372,0,'George'),(1,'Hércules',41,154373,0,'George'),(1,'Roberto',41,154374,0,'George'),(1,'Stiffer',41,154375,0,'George'),(1,'Adriano',41,154376,0,'Hércules'),(1,'Alencar',41,154377,0,'Hércules'),(1,'Eraldo',41,154378,0,'Hércules'),(1,'George',41,154379,0,'Hércules'),(1,'Hércules',41,154380,0,'Hércules'),(1,'Roberto',41,154381,0,'Hércules'),(1,'Stiffer',41,154382,0,'Hércules'),(1,'Adriano',41,154383,0,'Roberto'),(1,'Alencar',41,154384,0,'Roberto'),(1,'Eraldo',41,154385,0,'Roberto'),(1,'George',41,154386,0,'Roberto'),(1,'Hércules',41,154387,0,'Roberto'),(1,'Roberto',41,154388,0,'Roberto'),(1,'Stiffer',41,154389,0,'Roberto'),(1,'Adriano',41,154390,0,'Stiffer'),(1,'Alencar',41,154391,0,'Stiffer'),(1,'Eraldo',41,154392,0,'Stiffer'),(1,'George',41,154393,0,'Stiffer'),(1,'Hércules',41,154394,0,'Stiffer'),(1,'Roberto',41,154395,0,'Stiffer'),(1,'Stiffer',41,154396,0,'Stiffer'),(1,'Adriano',42,154397,0,'Adriano'),(1,'Alencar',42,154398,0,'Adriano'),(1,'Eraldo',42,154399,0,'Adriano'),(1,'George',42,154400,0,'Adriano'),(1,'Hércules',42,154401,0,'Adriano'),(1,'Roberto',42,154402,0,'Adriano'),(1,'Stiffer',42,154403,0,'Adriano'),(1,'Adriano',42,154404,0,'Alencar'),(1,'Alencar',42,154405,0,'Alencar'),(1,'Eraldo',42,154406,0,'Alencar'),(1,'George',42,154407,0,'Alencar'),(1,'Hércules',42,154408,0,'Alencar'),(1,'Roberto',42,154409,0,'Alencar'),(1,'Stiffer',42,154410,0,'Alencar'),(1,'Adriano',42,154411,0,'Eraldo'),(1,'Alencar',42,154412,0,'Eraldo'),(1,'Eraldo',42,154413,0,'Eraldo'),(1,'George',42,154414,0,'Eraldo'),(1,'Hércules',42,154415,0,'Eraldo'),(1,'Roberto',42,154416,0,'Eraldo'),(1,'Stiffer',42,154417,0,'Eraldo'),(1,'Adriano',42,154418,0,'George'),(1,'Alencar',42,154419,0,'George'),(1,'Eraldo',42,154420,0,'George'),(1,'George',42,154421,0,'George'),(1,'Hércules',42,154422,0,'George'),(1,'Roberto',42,154423,0,'George'),(1,'Stiffer',42,154424,0,'George'),(1,'Adriano',42,154425,0,'Hércules'),(1,'Alencar',42,154426,0,'Hércules'),(1,'Eraldo',42,154427,0,'Hércules'),(1,'George',42,154428,0,'Hércules'),(1,'Hércules',42,154429,0,'Hércules'),(1,'Roberto',42,154430,0,'Hércules'),(1,'Stiffer',42,154431,0,'Hércules'),(1,'Adriano',42,154432,0,'Roberto'),(1,'Alencar',42,154433,0,'Roberto'),(1,'Eraldo',42,154434,0,'Roberto'),(1,'George',42,154435,0,'Roberto'),(1,'Hércules',42,154436,0,'Roberto'),(1,'Roberto',42,154437,0,'Roberto'),(1,'Stiffer',42,154438,0,'Roberto'),(1,'Adriano',42,154439,0,'Stiffer'),(1,'Alencar',42,154440,0,'Stiffer'),(1,'Eraldo',42,154441,0,'Stiffer'),(1,'George',42,154442,0,'Stiffer'),(1,'Hércules',42,154443,0,'Stiffer'),(1,'Roberto',42,154444,0,'Stiffer'),(1,'Stiffer',42,154445,0,'Stiffer'),(1,'Adriano',43,154446,0,'Adriano'),(1,'Alencar',43,154447,0,'Adriano'),(1,'Eraldo',43,154448,0,'Adriano'),(1,'George',43,154449,0,'Adriano'),(1,'Hércules',43,154450,0,'Adriano'),(1,'Roberto',43,154451,0,'Adriano'),(1,'Stiffer',43,154452,0,'Adriano'),(1,'Adriano',43,154453,0,'Alencar'),(1,'Alencar',43,154454,0,'Alencar'),(1,'Eraldo',43,154455,0,'Alencar'),(1,'George',43,154456,0,'Alencar'),(1,'Hércules',43,154457,0,'Alencar'),(1,'Roberto',43,154458,0,'Alencar'),(1,'Stiffer',43,154459,0,'Alencar'),(1,'Adriano',43,154460,0,'Eraldo'),(1,'Alencar',43,154461,0,'Eraldo'),(1,'Eraldo',43,154462,0,'Eraldo'),(1,'George',43,154463,0,'Eraldo'),(1,'Hércules',43,154464,0,'Eraldo'),(1,'Roberto',43,154465,0,'Eraldo'),(1,'Stiffer',43,154466,0,'Eraldo'),(1,'Adriano',43,154467,0,'George'),(1,'Alencar',43,154468,0,'George'),(1,'Eraldo',43,154469,0,'George'),(1,'George',43,154470,0,'George'),(1,'Hércules',43,154471,0,'George'),(1,'Roberto',43,154472,0,'George'),(1,'Stiffer',43,154473,0,'George'),(1,'Adriano',43,154474,0,'Hércules'),(1,'Alencar',43,154475,0,'Hércules'),(1,'Eraldo',43,154476,0,'Hércules'),(1,'George',43,154477,0,'Hércules'),(1,'Hércules',43,154478,0,'Hércules'),(1,'Roberto',43,154479,0,'Hércules'),(1,'Stiffer',43,154480,0,'Hércules'),(1,'Adriano',43,154481,0,'Roberto'),(1,'Alencar',43,154482,0,'Roberto'),(1,'Eraldo',43,154483,0,'Roberto'),(1,'George',43,154484,0,'Roberto'),(1,'Hércules',43,154485,0,'Roberto'),(1,'Roberto',43,154486,0,'Roberto'),(1,'Stiffer',43,154487,0,'Roberto'),(1,'Adriano',43,154488,0,'Stiffer'),(1,'Alencar',43,154489,0,'Stiffer'),(1,'Eraldo',43,154490,0,'Stiffer'),(1,'George',43,154491,0,'Stiffer'),(1,'Hércules',43,154492,0,'Stiffer'),(1,'Roberto',43,154493,0,'Stiffer'),(1,'Stiffer',43,154494,0,'Stiffer'),(1,'Adriano',44,154495,0,'Adriano'),(1,'Alencar',44,154496,0,'Adriano'),(1,'Eraldo',44,154497,0,'Adriano'),(1,'George',44,154498,0,'Adriano'),(1,'Hércules',44,154499,0,'Adriano'),(1,'Roberto',44,154500,0,'Adriano'),(1,'Stiffer',44,154501,0,'Adriano'),(1,'Adriano',44,154502,0,'Alencar'),(1,'Alencar',44,154503,0,'Alencar'),(1,'Eraldo',44,154504,0,'Alencar'),(1,'George',44,154505,0,'Alencar'),(1,'Hércules',44,154506,0,'Alencar'),(1,'Roberto',44,154507,0,'Alencar'),(1,'Stiffer',44,154508,0,'Alencar'),(1,'Adriano',44,154509,0,'Eraldo'),(1,'Alencar',44,154510,0,'Eraldo'),(1,'Eraldo',44,154511,0,'Eraldo'),(1,'George',44,154512,0,'Eraldo'),(1,'Hércules',44,154513,0,'Eraldo'),(1,'Roberto',44,154514,0,'Eraldo'),(1,'Stiffer',44,154515,0,'Eraldo'),(1,'Adriano',44,154516,0,'George'),(1,'Alencar',44,154517,0,'George'),(1,'Eraldo',44,154518,0,'George'),(1,'George',44,154519,0,'George'),(1,'Hércules',44,154520,0,'George'),(1,'Roberto',44,154521,0,'George'),(1,'Stiffer',44,154522,0,'George'),(1,'Adriano',44,154523,0,'Hércules'),(1,'Alencar',44,154524,0,'Hércules'),(1,'Eraldo',44,154525,0,'Hércules'),(1,'George',44,154526,0,'Hércules'),(1,'Hércules',44,154527,0,'Hércules'),(1,'Roberto',44,154528,0,'Hércules'),(1,'Stiffer',44,154529,0,'Hércules'),(1,'Adriano',44,154530,0,'Roberto'),(1,'Alencar',44,154531,0,'Roberto'),(1,'Eraldo',44,154532,0,'Roberto'),(1,'George',44,154533,0,'Roberto'),(1,'Hércules',44,154534,0,'Roberto'),(1,'Roberto',44,154535,0,'Roberto'),(1,'Stiffer',44,154536,0,'Roberto'),(1,'Adriano',44,154537,0,'Stiffer'),(1,'Alencar',44,154538,0,'Stiffer'),(1,'Eraldo',44,154539,0,'Stiffer'),(1,'George',44,154540,0,'Stiffer'),(1,'Hércules',44,154541,0,'Stiffer'),(1,'Roberto',44,154542,0,'Stiffer'),(1,'Stiffer',44,154543,0,'Stiffer'),(1,'Angelina',2,156581,0,'Angelina'),(1,'Carlos',2,156582,0,'Angelina'),(1,'Catarina',2,156583,0,'Angelina'),(1,'Idilio',2,156584,0,'Angelina'),(1,'Maria',2,156585,0,'Angelina'),(1,'Nair',2,156586,0,'Angelina'),(1,'Paula',2,156587,0,'Angelina'),(1,'Angelina',2,156588,0,'Carlos'),(1,'Carlos',2,156589,0,'Carlos'),(1,'Catarina',2,156590,0,'Carlos'),(1,'Idilio',2,156591,0,'Carlos'),(1,'Maria',2,156592,0,'Carlos'),(1,'Nair',2,156593,0,'Carlos'),(1,'Paula',2,156594,0,'Carlos'),(1,'Angelina',2,156595,0,'Catarina'),(1,'Carlos',2,156596,0,'Catarina'),(1,'Catarina',2,156597,0,'Catarina'),(1,'Idilio',2,156598,0,'Catarina'),(1,'Maria',2,156599,0,'Catarina'),(1,'Nair',2,156600,0,'Catarina'),(1,'Paula',2,156601,0,'Catarina'),(1,'Angelina',2,156602,0,'Idilio'),(1,'Carlos',2,156603,0,'Idilio'),(1,'Catarina',2,156604,0,'Idilio'),(1,'Idilio',2,156605,0,'Idilio'),(1,'Maria',2,156606,0,'Idilio'),(1,'Nair',2,156607,0,'Idilio'),(1,'Paula',2,156608,0,'Idilio'),(1,'Angelina',2,156609,0,'Maria'),(1,'Carlos',2,156610,0,'Maria'),(1,'Catarina',2,156611,0,'Maria'),(1,'Idilio',2,156612,0,'Maria'),(1,'Maria',2,156613,0,'Maria'),(1,'Nair',2,156614,0,'Maria'),(1,'Paula',2,156615,0,'Maria'),(1,'Angelina',2,156616,0,'Nair'),(1,'Carlos',2,156617,0,'Nair'),(1,'Catarina',2,156618,0,'Nair'),(1,'Idilio',2,156619,0,'Nair'),(1,'Maria',2,156620,0,'Nair'),(1,'Nair',2,156621,0,'Nair'),(1,'Paula',2,156622,0,'Nair'),(1,'Angelina',2,156623,0,'Paula'),(1,'Carlos',2,156624,0,'Paula'),(1,'Catarina',2,156625,0,'Paula'),(1,'Idilio',2,156626,0,'Paula'),(1,'Maria',2,156627,0,'Paula'),(1,'Nair',2,156628,0,'Paula'),(1,'Paula',2,156629,0,'Paula'),(1,'Angelina',3,156630,0,'Angelina'),(1,'Carlos',3,156631,0,'Angelina'),(1,'Catarina',3,156632,0,'Angelina'),(1,'Idilio',3,156633,0,'Angelina'),(1,'Maria',3,156634,0,'Angelina'),(1,'Nair',3,156635,0,'Angelina'),(1,'Paula',3,156636,0,'Angelina'),(1,'Angelina',3,156637,0,'Carlos'),(1,'Carlos',3,156638,0,'Carlos'),(1,'Catarina',3,156639,0,'Carlos'),(1,'Idilio',3,156640,0,'Carlos'),(1,'Maria',3,156641,0,'Carlos'),(1,'Nair',3,156642,0,'Carlos'),(1,'Paula',3,156643,0,'Carlos'),(1,'Angelina',3,156644,0,'Catarina'),(1,'Carlos',3,156645,0,'Catarina'),(1,'Catarina',3,156646,0,'Catarina'),(1,'Idilio',3,156647,0,'Catarina'),(1,'Maria',3,156648,0,'Catarina'),(1,'Nair',3,156649,0,'Catarina'),(1,'Paula',3,156650,0,'Catarina'),(1,'Angelina',3,156651,0,'Idilio'),(1,'Carlos',3,156652,0,'Idilio'),(1,'Catarina',3,156653,0,'Idilio'),(1,'Idilio',3,156654,0,'Idilio'),(1,'Maria',3,156655,0,'Idilio'),(1,'Nair',3,156656,0,'Idilio'),(1,'Paula',3,156657,0,'Idilio'),(1,'Angelina',3,156658,0,'Maria'),(1,'Carlos',3,156659,0,'Maria'),(1,'Catarina',3,156660,0,'Maria'),(1,'Idilio',3,156661,0,'Maria'),(1,'Maria',3,156662,0,'Maria'),(1,'Nair',3,156663,0,'Maria'),(1,'Paula',3,156664,0,'Maria'),(1,'Angelina',3,156665,0,'Nair'),(1,'Carlos',3,156666,0,'Nair'),(1,'Catarina',3,156667,0,'Nair'),(1,'Idilio',3,156668,0,'Nair'),(1,'Maria',3,156669,0,'Nair'),(1,'Nair',3,156670,0,'Nair'),(1,'Paula',3,156671,0,'Nair'),(1,'Angelina',3,156672,0,'Paula'),(1,'Carlos',3,156673,0,'Paula'),(1,'Catarina',3,156674,0,'Paula'),(1,'Idilio',3,156675,0,'Paula'),(1,'Maria',3,156676,0,'Paula'),(1,'Nair',3,156677,0,'Paula'),(1,'Paula',3,156678,0,'Paula'),(1,'Angelina',4,156679,0,'Angelina'),(1,'Carlos',4,156680,0,'Angelina'),(1,'Catarina',4,156681,0,'Angelina'),(1,'Idilio',4,156682,0,'Angelina'),(1,'Maria',4,156683,0,'Angelina'),(1,'Nair',4,156684,0,'Angelina'),(1,'Paula',4,156685,0,'Angelina'),(1,'Angelina',4,156686,0,'Carlos'),(1,'Carlos',4,156687,0,'Carlos'),(1,'Catarina',4,156688,0,'Carlos'),(1,'Idilio',4,156689,0,'Carlos'),(1,'Maria',4,156690,0,'Carlos'),(1,'Nair',4,156691,0,'Carlos'),(1,'Paula',4,156692,0,'Carlos'),(1,'Angelina',4,156693,0,'Catarina'),(1,'Carlos',4,156694,0,'Catarina'),(1,'Catarina',4,156695,0,'Catarina'),(1,'Idilio',4,156696,0,'Catarina'),(1,'Maria',4,156697,0,'Catarina'),(1,'Nair',4,156698,0,'Catarina'),(1,'Paula',4,156699,0,'Catarina'),(1,'Angelina',4,156700,0,'Idilio'),(1,'Carlos',4,156701,0,'Idilio'),(1,'Catarina',4,156702,0,'Idilio'),(1,'Idilio',4,156703,0,'Idilio'),(1,'Maria',4,156704,0,'Idilio'),(1,'Nair',4,156705,0,'Idilio'),(1,'Paula',4,156706,0,'Idilio'),(1,'Angelina',4,156707,0,'Maria'),(1,'Carlos',4,156708,0,'Maria'),(1,'Catarina',4,156709,0,'Maria'),(1,'Idilio',4,156710,0,'Maria'),(1,'Maria',4,156711,0,'Maria'),(1,'Nair',4,156712,0,'Maria'),(1,'Paula',4,156713,0,'Maria'),(1,'Angelina',4,156714,0,'Nair'),(1,'Carlos',4,156715,0,'Nair'),(1,'Catarina',4,156716,0,'Nair'),(1,'Idilio',4,156717,0,'Nair'),(1,'Maria',4,156718,0,'Nair'),(1,'Nair',4,156719,0,'Nair'),(1,'Paula',4,156720,0,'Nair'),(1,'Angelina',4,156721,0,'Paula'),(1,'Carlos',4,156722,0,'Paula'),(1,'Catarina',4,156723,0,'Paula'),(1,'Idilio',4,156724,0,'Paula'),(1,'Maria',4,156725,0,'Paula'),(1,'Nair',4,156726,0,'Paula'),(1,'Paula',4,156727,0,'Paula'),(1,'Angelina',5,156728,0,'Angelina'),(1,'Carlos',5,156729,0,'Angelina'),(1,'Catarina',5,156730,0,'Angelina'),(1,'Idilio',5,156731,0,'Angelina'),(1,'Maria',5,156732,0,'Angelina'),(1,'Nair',5,156733,0,'Angelina'),(1,'Paula',5,156734,0,'Angelina'),(1,'Angelina',5,156735,0,'Carlos'),(1,'Carlos',5,156736,0,'Carlos'),(1,'Catarina',5,156737,0,'Carlos'),(1,'Idilio',5,156738,0,'Carlos'),(1,'Maria',5,156739,0,'Carlos'),(1,'Nair',5,156740,0,'Carlos'),(1,'Paula',5,156741,0,'Carlos'),(1,'Angelina',5,156742,0,'Catarina'),(1,'Carlos',5,156743,0,'Catarina'),(1,'Catarina',5,156744,0,'Catarina'),(1,'Idilio',5,156745,0,'Catarina'),(1,'Maria',5,156746,0,'Catarina'),(1,'Nair',5,156747,0,'Catarina'),(1,'Paula',5,156748,0,'Catarina'),(1,'Angelina',5,156749,0,'Idilio'),(1,'Carlos',5,156750,0,'Idilio'),(1,'Catarina',5,156751,0,'Idilio'),(1,'Idilio',5,156752,0,'Idilio'),(1,'Maria',5,156753,0,'Idilio'),(1,'Nair',5,156754,0,'Idilio'),(1,'Paula',5,156755,0,'Idilio'),(1,'Angelina',5,156756,0,'Maria'),(1,'Carlos',5,156757,0,'Maria'),(1,'Catarina',5,156758,0,'Maria'),(1,'Idilio',5,156759,0,'Maria'),(1,'Maria',5,156760,0,'Maria'),(1,'Nair',5,156761,0,'Maria'),(1,'Paula',5,156762,0,'Maria'),(1,'Angelina',5,156763,0,'Nair'),(1,'Carlos',5,156764,0,'Nair'),(1,'Catarina',5,156765,0,'Nair'),(1,'Idilio',5,156766,0,'Nair'),(1,'Maria',5,156767,0,'Nair'),(1,'Nair',5,156768,0,'Nair'),(1,'Paula',5,156769,0,'Nair'),(1,'Angelina',5,156770,0,'Paula'),(1,'Carlos',5,156771,0,'Paula'),(1,'Catarina',5,156772,0,'Paula'),(1,'Idilio',5,156773,0,'Paula'),(1,'Maria',5,156774,0,'Paula'),(1,'Nair',5,156775,0,'Paula'),(1,'Paula',5,156776,0,'Paula'),(1,'Angelina',6,156777,0,'Angelina'),(1,'Carlos',6,156778,0,'Angelina'),(1,'Catarina',6,156779,0,'Angelina'),(1,'Idilio',6,156780,0,'Angelina'),(1,'Maria',6,156781,0,'Angelina'),(1,'Nair',6,156782,0,'Angelina'),(1,'Paula',6,156783,0,'Angelina'),(1,'Angelina',6,156784,0,'Carlos'),(1,'Carlos',6,156785,0,'Carlos'),(1,'Catarina',6,156786,0,'Carlos'),(1,'Idilio',6,156787,0,'Carlos'),(1,'Maria',6,156788,0,'Carlos'),(1,'Nair',6,156789,0,'Carlos'),(1,'Paula',6,156790,0,'Carlos'),(1,'Angelina',6,156791,0,'Catarina'),(1,'Carlos',6,156792,0,'Catarina'),(1,'Catarina',6,156793,0,'Catarina'),(1,'Idilio',6,156794,0,'Catarina'),(1,'Maria',6,156795,0,'Catarina'),(1,'Nair',6,156796,0,'Catarina'),(1,'Paula',6,156797,0,'Catarina'),(1,'Angelina',6,156798,0,'Idilio'),(1,'Carlos',6,156799,0,'Idilio'),(1,'Catarina',6,156800,0,'Idilio'),(1,'Idilio',6,156801,0,'Idilio'),(1,'Maria',6,156802,0,'Idilio'),(1,'Nair',6,156803,0,'Idilio'),(1,'Paula',6,156804,0,'Idilio'),(1,'Angelina',6,156805,0,'Maria'),(1,'Carlos',6,156806,0,'Maria'),(1,'Catarina',6,156807,0,'Maria'),(1,'Idilio',6,156808,0,'Maria'),(1,'Maria',6,156809,0,'Maria'),(1,'Nair',6,156810,0,'Maria'),(1,'Paula',6,156811,0,'Maria'),(1,'Angelina',6,156812,0,'Nair'),(1,'Carlos',6,156813,0,'Nair'),(1,'Catarina',6,156814,0,'Nair'),(1,'Idilio',6,156815,0,'Nair'),(1,'Maria',6,156816,0,'Nair'),(1,'Nair',6,156817,0,'Nair'),(1,'Paula',6,156818,0,'Nair'),(1,'Angelina',6,156819,0,'Paula'),(1,'Carlos',6,156820,0,'Paula'),(1,'Catarina',6,156821,0,'Paula'),(1,'Idilio',6,156822,0,'Paula'),(1,'Maria',6,156823,0,'Paula'),(1,'Nair',6,156824,0,'Paula'),(1,'Paula',6,156825,0,'Paula'),(1,'Angelina',7,156826,0,'Angelina'),(1,'Carlos',7,156827,0,'Angelina'),(1,'Catarina',7,156828,0,'Angelina'),(1,'Idilio',7,156829,0,'Angelina'),(1,'Maria',7,156830,0,'Angelina'),(1,'Nair',7,156831,0,'Angelina'),(1,'Paula',7,156832,0,'Angelina'),(1,'Angelina',7,156833,0,'Carlos'),(1,'Carlos',7,156834,0,'Carlos'),(1,'Catarina',7,156835,0,'Carlos'),(1,'Idilio',7,156836,0,'Carlos'),(1,'Maria',7,156837,0,'Carlos'),(1,'Nair',7,156838,0,'Carlos'),(1,'Paula',7,156839,0,'Carlos'),(1,'Angelina',7,156840,0,'Catarina'),(1,'Carlos',7,156841,0,'Catarina'),(1,'Catarina',7,156842,0,'Catarina'),(1,'Idilio',7,156843,0,'Catarina'),(1,'Maria',7,156844,0,'Catarina'),(1,'Nair',7,156845,0,'Catarina'),(1,'Paula',7,156846,0,'Catarina'),(1,'Angelina',7,156847,0,'Idilio'),(1,'Carlos',7,156848,0,'Idilio'),(1,'Catarina',7,156849,0,'Idilio'),(1,'Idilio',7,156850,0,'Idilio'),(1,'Maria',7,156851,0,'Idilio'),(1,'Nair',7,156852,0,'Idilio'),(1,'Paula',7,156853,0,'Idilio'),(1,'Angelina',7,156854,0,'Maria'),(1,'Carlos',7,156855,0,'Maria'),(1,'Catarina',7,156856,0,'Maria'),(1,'Idilio',7,156857,0,'Maria'),(1,'Maria',7,156858,0,'Maria'),(1,'Nair',7,156859,0,'Maria'),(1,'Paula',7,156860,0,'Maria'),(1,'Angelina',7,156861,0,'Nair'),(1,'Carlos',7,156862,0,'Nair'),(1,'Catarina',7,156863,0,'Nair'),(1,'Idilio',7,156864,0,'Nair'),(1,'Maria',7,156865,0,'Nair'),(1,'Nair',7,156866,0,'Nair'),(1,'Paula',7,156867,0,'Nair'),(1,'Angelina',7,156868,0,'Paula'),(1,'Carlos',7,156869,0,'Paula'),(1,'Catarina',7,156870,0,'Paula'),(1,'Idilio',7,156871,0,'Paula'),(1,'Maria',7,156872,0,'Paula'),(1,'Nair',7,156873,0,'Paula'),(1,'Paula',7,156874,0,'Paula'),(1,'Angelina',8,156875,0,'Angelina'),(1,'Carlos',8,156876,0,'Angelina'),(1,'Catarina',8,156877,0,'Angelina'),(1,'Idilio',8,156878,0,'Angelina'),(1,'Maria',8,156879,0,'Angelina'),(1,'Nair',8,156880,0,'Angelina'),(1,'Paula',8,156881,0,'Angelina'),(1,'Angelina',8,156882,0,'Carlos'),(1,'Carlos',8,156883,0,'Carlos'),(1,'Catarina',8,156884,0,'Carlos'),(1,'Idilio',8,156885,0,'Carlos'),(1,'Maria',8,156886,0,'Carlos'),(1,'Nair',8,156887,0,'Carlos'),(1,'Paula',8,156888,0,'Carlos'),(1,'Angelina',8,156889,0,'Catarina'),(1,'Carlos',8,156890,0,'Catarina'),(1,'Catarina',8,156891,0,'Catarina'),(1,'Idilio',8,156892,0,'Catarina'),(1,'Maria',8,156893,0,'Catarina'),(1,'Nair',8,156894,0,'Catarina'),(1,'Paula',8,156895,0,'Catarina'),(1,'Angelina',8,156896,0,'Idilio'),(1,'Carlos',8,156897,0,'Idilio'),(1,'Catarina',8,156898,0,'Idilio'),(1,'Idilio',8,156899,0,'Idilio'),(1,'Maria',8,156900,0,'Idilio'),(1,'Nair',8,156901,0,'Idilio'),(1,'Paula',8,156902,0,'Idilio'),(1,'Angelina',8,156903,0,'Maria'),(1,'Carlos',8,156904,0,'Maria'),(1,'Catarina',8,156905,0,'Maria'),(1,'Idilio',8,156906,0,'Maria'),(1,'Maria',8,156907,0,'Maria'),(1,'Nair',8,156908,0,'Maria'),(1,'Paula',8,156909,0,'Maria'),(1,'Angelina',8,156910,0,'Nair'),(1,'Carlos',8,156911,0,'Nair'),(1,'Catarina',8,156912,0,'Nair'),(1,'Idilio',8,156913,0,'Nair'),(1,'Maria',8,156914,0,'Nair'),(1,'Nair',8,156915,0,'Nair'),(1,'Paula',8,156916,0,'Nair'),(1,'Angelina',8,156917,0,'Paula'),(1,'Carlos',8,156918,0,'Paula'),(1,'Catarina',8,156919,0,'Paula'),(1,'Idilio',8,156920,0,'Paula'),(1,'Maria',8,156921,0,'Paula'),(1,'Nair',8,156922,0,'Paula'),(1,'Paula',8,156923,0,'Paula'),(1,'Angelina',9,156924,0,'Angelina'),(1,'Carlos',9,156925,0,'Angelina'),(1,'Catarina',9,156926,0,'Angelina'),(1,'Idilio',9,156927,0,'Angelina'),(1,'Maria',9,156928,0,'Angelina'),(1,'Nair',9,156929,0,'Angelina'),(1,'Paula',9,156930,0,'Angelina'),(1,'Angelina',9,156931,0,'Carlos'),(1,'Carlos',9,156932,0,'Carlos'),(1,'Catarina',9,156933,0,'Carlos'),(1,'Idilio',9,156934,0,'Carlos'),(1,'Maria',9,156935,0,'Carlos'),(1,'Nair',9,156936,0,'Carlos'),(1,'Paula',9,156937,0,'Carlos'),(1,'Angelina',9,156938,0,'Catarina'),(1,'Carlos',9,156939,0,'Catarina'),(1,'Catarina',9,156940,0,'Catarina'),(1,'Idilio',9,156941,0,'Catarina'),(1,'Maria',9,156942,0,'Catarina'),(1,'Nair',9,156943,0,'Catarina'),(1,'Paula',9,156944,0,'Catarina'),(1,'Angelina',9,156945,0,'Idilio'),(1,'Carlos',9,156946,0,'Idilio'),(1,'Catarina',9,156947,0,'Idilio'),(1,'Idilio',9,156948,0,'Idilio'),(1,'Maria',9,156949,0,'Idilio'),(1,'Nair',9,156950,0,'Idilio'),(1,'Paula',9,156951,0,'Idilio'),(1,'Angelina',9,156952,0,'Maria'),(1,'Carlos',9,156953,0,'Maria'),(1,'Catarina',9,156954,0,'Maria'),(1,'Idilio',9,156955,0,'Maria'),(1,'Maria',9,156956,0,'Maria'),(1,'Nair',9,156957,0,'Maria'),(1,'Paula',9,156958,0,'Maria'),(1,'Angelina',9,156959,0,'Nair'),(1,'Carlos',9,156960,0,'Nair'),(1,'Catarina',9,156961,0,'Nair'),(1,'Idilio',9,156962,0,'Nair'),(1,'Maria',9,156963,0,'Nair'),(1,'Nair',9,156964,0,'Nair'),(1,'Paula',9,156965,0,'Nair'),(1,'Angelina',9,156966,0,'Paula'),(1,'Carlos',9,156967,0,'Paula'),(1,'Catarina',9,156968,0,'Paula'),(1,'Idilio',9,156969,0,'Paula'),(1,'Maria',9,156970,0,'Paula'),(1,'Nair',9,156971,0,'Paula'),(1,'Paula',9,156972,0,'Paula'),(1,'Angelina',10,156973,0,'Angelina'),(1,'Carlos',10,156974,0,'Angelina'),(1,'Catarina',10,156975,0,'Angelina'),(1,'Idilio',10,156976,0,'Angelina'),(1,'Maria',10,156977,0,'Angelina'),(1,'Nair',10,156978,0,'Angelina'),(1,'Paula',10,156979,0,'Angelina'),(1,'Angelina',10,156980,0,'Carlos'),(1,'Carlos',10,156981,0,'Carlos'),(1,'Catarina',10,156982,0,'Carlos'),(1,'Idilio',10,156983,0,'Carlos'),(1,'Maria',10,156984,0,'Carlos'),(1,'Nair',10,156985,0,'Carlos'),(1,'Paula',10,156986,0,'Carlos'),(1,'Angelina',10,156987,0,'Catarina'),(1,'Carlos',10,156988,0,'Catarina'),(1,'Catarina',10,156989,0,'Catarina'),(1,'Idilio',10,156990,0,'Catarina'),(1,'Maria',10,156991,0,'Catarina'),(1,'Nair',10,156992,0,'Catarina'),(1,'Paula',10,156993,0,'Catarina'),(1,'Angelina',10,156994,0,'Idilio'),(1,'Carlos',10,156995,0,'Idilio'),(1,'Catarina',10,156996,0,'Idilio'),(1,'Idilio',10,156997,0,'Idilio'),(1,'Maria',10,156998,0,'Idilio'),(1,'Nair',10,156999,0,'Idilio'),(1,'Paula',10,157000,0,'Idilio'),(1,'Angelina',10,157001,0,'Maria'),(1,'Carlos',10,157002,0,'Maria'),(1,'Catarina',10,157003,0,'Maria'),(1,'Idilio',10,157004,0,'Maria'),(1,'Maria',10,157005,0,'Maria'),(1,'Nair',10,157006,0,'Maria'),(1,'Paula',10,157007,0,'Maria'),(1,'Angelina',10,157008,0,'Nair'),(1,'Carlos',10,157009,0,'Nair'),(1,'Catarina',10,157010,0,'Nair'),(1,'Idilio',10,157011,0,'Nair'),(1,'Maria',10,157012,0,'Nair'),(1,'Nair',10,157013,0,'Nair'),(1,'Paula',10,157014,0,'Nair'),(1,'Angelina',10,157015,0,'Paula'),(1,'Carlos',10,157016,0,'Paula'),(1,'Catarina',10,157017,0,'Paula'),(1,'Idilio',10,157018,0,'Paula'),(1,'Maria',10,157019,0,'Paula'),(1,'Nair',10,157020,0,'Paula'),(1,'Paula',10,157021,0,'Paula'),(1,'Angelina',11,157022,0,'Angelina'),(1,'Carlos',11,157023,0,'Angelina'),(1,'Catarina',11,157024,0,'Angelina'),(1,'Idilio',11,157025,0,'Angelina'),(1,'Maria',11,157026,0,'Angelina'),(1,'Nair',11,157027,0,'Angelina'),(1,'Paula',11,157028,0,'Angelina'),(1,'Angelina',11,157029,0,'Carlos'),(1,'Carlos',11,157030,0,'Carlos'),(1,'Catarina',11,157031,0,'Carlos'),(1,'Idilio',11,157032,0,'Carlos'),(1,'Maria',11,157033,0,'Carlos'),(1,'Nair',11,157034,0,'Carlos'),(1,'Paula',11,157035,0,'Carlos'),(1,'Angelina',11,157036,0,'Catarina'),(1,'Carlos',11,157037,0,'Catarina'),(1,'Catarina',11,157038,0,'Catarina'),(1,'Idilio',11,157039,0,'Catarina'),(1,'Maria',11,157040,0,'Catarina'),(1,'Nair',11,157041,0,'Catarina'),(1,'Paula',11,157042,0,'Catarina'),(1,'Angelina',11,157043,0,'Idilio'),(1,'Carlos',11,157044,0,'Idilio'),(1,'Catarina',11,157045,0,'Idilio'),(1,'Idilio',11,157046,0,'Idilio'),(1,'Maria',11,157047,0,'Idilio'),(1,'Nair',11,157048,0,'Idilio'),(1,'Paula',11,157049,0,'Idilio'),(1,'Angelina',11,157050,0,'Maria'),(1,'Carlos',11,157051,0,'Maria'),(1,'Catarina',11,157052,0,'Maria'),(1,'Idilio',11,157053,0,'Maria'),(1,'Maria',11,157054,0,'Maria'),(1,'Nair',11,157055,0,'Maria'),(1,'Paula',11,157056,0,'Maria'),(1,'Angelina',11,157057,0,'Nair'),(1,'Carlos',11,157058,0,'Nair'),(1,'Catarina',11,157059,0,'Nair'),(1,'Idilio',11,157060,0,'Nair'),(1,'Maria',11,157061,0,'Nair'),(1,'Nair',11,157062,0,'Nair'),(1,'Paula',11,157063,0,'Nair'),(1,'Angelina',11,157064,0,'Paula'),(1,'Carlos',11,157065,0,'Paula'),(1,'Catarina',11,157066,0,'Paula'),(1,'Idilio',11,157067,0,'Paula'),(1,'Maria',11,157068,0,'Paula'),(1,'Nair',11,157069,0,'Paula'),(1,'Paula',11,157070,0,'Paula'),(1,'Angelina',12,157071,0,'Angelina'),(1,'Carlos',12,157072,0,'Angelina'),(1,'Catarina',12,157073,0,'Angelina'),(1,'Idilio',12,157074,0,'Angelina'),(1,'Maria',12,157075,0,'Angelina'),(1,'Nair',12,157076,0,'Angelina'),(1,'Paula',12,157077,0,'Angelina'),(1,'Angelina',12,157078,0,'Carlos'),(1,'Carlos',12,157079,0,'Carlos'),(1,'Catarina',12,157080,0,'Carlos'),(1,'Idilio',12,157081,0,'Carlos'),(1,'Maria',12,157082,0,'Carlos'),(1,'Nair',12,157083,0,'Carlos'),(1,'Paula',12,157084,0,'Carlos'),(1,'Angelina',12,157085,0,'Catarina'),(1,'Carlos',12,157086,0,'Catarina'),(1,'Catarina',12,157087,0,'Catarina'),(1,'Idilio',12,157088,0,'Catarina'),(1,'Maria',12,157089,0,'Catarina'),(1,'Nair',12,157090,0,'Catarina'),(1,'Paula',12,157091,0,'Catarina'),(1,'Angelina',12,157092,0,'Idilio'),(1,'Carlos',12,157093,0,'Idilio'),(1,'Catarina',12,157094,0,'Idilio'),(1,'Idilio',12,157095,0,'Idilio'),(1,'Maria',12,157096,0,'Idilio'),(1,'Nair',12,157097,0,'Idilio'),(1,'Paula',12,157098,0,'Idilio'),(1,'Angelina',12,157099,0,'Maria'),(1,'Carlos',12,157100,0,'Maria'),(1,'Catarina',12,157101,0,'Maria'),(1,'Idilio',12,157102,0,'Maria'),(1,'Maria',12,157103,0,'Maria'),(1,'Nair',12,157104,0,'Maria'),(1,'Paula',12,157105,0,'Maria'),(1,'Angelina',12,157106,0,'Nair'),(1,'Carlos',12,157107,0,'Nair'),(1,'Catarina',12,157108,0,'Nair'),(1,'Idilio',12,157109,0,'Nair'),(1,'Maria',12,157110,0,'Nair'),(1,'Nair',12,157111,0,'Nair'),(1,'Paula',12,157112,0,'Nair'),(1,'Angelina',12,157113,0,'Paula'),(1,'Carlos',12,157114,0,'Paula'),(1,'Catarina',12,157115,0,'Paula'),(1,'Idilio',12,157116,0,'Paula'),(1,'Maria',12,157117,0,'Paula'),(1,'Nair',12,157118,0,'Paula'),(1,'Paula',12,157119,0,'Paula'),(1,'Angelina',13,157120,0,'Angelina'),(1,'Carlos',13,157121,0,'Angelina'),(1,'Catarina',13,157122,0,'Angelina'),(1,'Idilio',13,157123,0,'Angelina'),(1,'Maria',13,157124,0,'Angelina'),(1,'Nair',13,157125,0,'Angelina'),(1,'Paula',13,157126,0,'Angelina'),(1,'Angelina',13,157127,0,'Carlos'),(1,'Carlos',13,157128,0,'Carlos'),(1,'Catarina',13,157129,0,'Carlos'),(1,'Idilio',13,157130,0,'Carlos'),(1,'Maria',13,157131,0,'Carlos'),(1,'Nair',13,157132,0,'Carlos'),(1,'Paula',13,157133,0,'Carlos'),(1,'Angelina',13,157134,0,'Catarina'),(1,'Carlos',13,157135,0,'Catarina'),(1,'Catarina',13,157136,0,'Catarina'),(1,'Idilio',13,157137,0,'Catarina'),(1,'Maria',13,157138,0,'Catarina'),(1,'Nair',13,157139,0,'Catarina'),(1,'Paula',13,157140,0,'Catarina'),(1,'Angelina',13,157141,0,'Idilio'),(1,'Carlos',13,157142,0,'Idilio'),(1,'Catarina',13,157143,0,'Idilio'),(1,'Idilio',13,157144,0,'Idilio'),(1,'Maria',13,157145,0,'Idilio'),(1,'Nair',13,157146,0,'Idilio'),(1,'Paula',13,157147,0,'Idilio'),(1,'Angelina',13,157148,0,'Maria'),(1,'Carlos',13,157149,0,'Maria'),(1,'Catarina',13,157150,0,'Maria'),(1,'Idilio',13,157151,0,'Maria'),(1,'Maria',13,157152,0,'Maria'),(1,'Nair',13,157153,0,'Maria'),(1,'Paula',13,157154,0,'Maria'),(1,'Angelina',13,157155,0,'Nair'),(1,'Carlos',13,157156,0,'Nair'),(1,'Catarina',13,157157,0,'Nair'),(1,'Idilio',13,157158,0,'Nair'),(1,'Maria',13,157159,0,'Nair'),(1,'Nair',13,157160,0,'Nair'),(1,'Paula',13,157161,0,'Nair'),(1,'Angelina',13,157162,0,'Paula'),(1,'Carlos',13,157163,0,'Paula'),(1,'Catarina',13,157164,0,'Paula'),(1,'Idilio',13,157165,0,'Paula'),(1,'Maria',13,157166,0,'Paula'),(1,'Nair',13,157167,0,'Paula'),(1,'Paula',13,157168,0,'Paula'),(1,'Angelina',14,157169,0,'Angelina'),(1,'Carlos',14,157170,0,'Angelina'),(1,'Catarina',14,157171,0,'Angelina'),(1,'Idilio',14,157172,0,'Angelina'),(1,'Maria',14,157173,0,'Angelina'),(1,'Nair',14,157174,0,'Angelina'),(1,'Paula',14,157175,0,'Angelina'),(1,'Angelina',14,157176,0,'Carlos'),(1,'Carlos',14,157177,0,'Carlos'),(1,'Catarina',14,157178,0,'Carlos'),(1,'Idilio',14,157179,0,'Carlos'),(1,'Maria',14,157180,0,'Carlos'),(1,'Nair',14,157181,0,'Carlos'),(1,'Paula',14,157182,0,'Carlos'),(1,'Angelina',14,157183,0,'Catarina'),(1,'Carlos',14,157184,0,'Catarina'),(1,'Catarina',14,157185,0,'Catarina'),(1,'Idilio',14,157186,0,'Catarina'),(1,'Maria',14,157187,0,'Catarina'),(1,'Nair',14,157188,0,'Catarina'),(1,'Paula',14,157189,0,'Catarina'),(1,'Angelina',14,157190,0,'Idilio'),(1,'Carlos',14,157191,0,'Idilio'),(1,'Catarina',14,157192,0,'Idilio'),(1,'Idilio',14,157193,0,'Idilio'),(1,'Maria',14,157194,0,'Idilio'),(1,'Nair',14,157195,0,'Idilio'),(1,'Paula',14,157196,0,'Idilio'),(1,'Angelina',14,157197,0,'Maria'),(1,'Carlos',14,157198,0,'Maria'),(1,'Catarina',14,157199,0,'Maria'),(1,'Idilio',14,157200,0,'Maria'),(1,'Maria',14,157201,0,'Maria'),(1,'Nair',14,157202,0,'Maria'),(1,'Paula',14,157203,0,'Maria'),(1,'Angelina',14,157204,0,'Nair'),(1,'Carlos',14,157205,0,'Nair'),(1,'Catarina',14,157206,0,'Nair'),(1,'Idilio',14,157207,0,'Nair'),(1,'Maria',14,157208,0,'Nair'),(1,'Nair',14,157209,0,'Nair'),(1,'Paula',14,157210,0,'Nair'),(1,'Angelina',14,157211,0,'Paula'),(1,'Carlos',14,157212,0,'Paula'),(1,'Catarina',14,157213,0,'Paula'),(1,'Idilio',14,157214,0,'Paula'),(1,'Maria',14,157215,0,'Paula'),(1,'Nair',14,157216,0,'Paula'),(1,'Paula',14,157217,0,'Paula'),(1,'Angelina',15,157218,0,'Angelina'),(1,'Carlos',15,157219,0,'Angelina'),(1,'Catarina',15,157220,0,'Angelina'),(1,'Idilio',15,157221,0,'Angelina'),(1,'Maria',15,157222,0,'Angelina'),(1,'Nair',15,157223,0,'Angelina'),(1,'Paula',15,157224,0,'Angelina'),(1,'Angelina',15,157225,0,'Carlos'),(1,'Carlos',15,157226,0,'Carlos'),(1,'Catarina',15,157227,0,'Carlos'),(1,'Idilio',15,157228,0,'Carlos'),(1,'Maria',15,157229,0,'Carlos'),(1,'Nair',15,157230,0,'Carlos'),(1,'Paula',15,157231,0,'Carlos'),(1,'Angelina',15,157232,0,'Catarina'),(1,'Carlos',15,157233,0,'Catarina'),(1,'Catarina',15,157234,0,'Catarina'),(1,'Idilio',15,157235,0,'Catarina'),(1,'Maria',15,157236,0,'Catarina'),(1,'Nair',15,157237,0,'Catarina'),(1,'Paula',15,157238,0,'Catarina'),(1,'Angelina',15,157239,0,'Idilio'),(1,'Carlos',15,157240,0,'Idilio'),(1,'Catarina',15,157241,0,'Idilio'),(1,'Idilio',15,157242,0,'Idilio'),(1,'Maria',15,157243,0,'Idilio'),(1,'Nair',15,157244,0,'Idilio'),(1,'Paula',15,157245,0,'Idilio'),(1,'Angelina',15,157246,0,'Maria'),(1,'Carlos',15,157247,0,'Maria'),(1,'Catarina',15,157248,0,'Maria'),(1,'Idilio',15,157249,0,'Maria'),(1,'Maria',15,157250,0,'Maria'),(1,'Nair',15,157251,0,'Maria'),(1,'Paula',15,157252,0,'Maria'),(1,'Angelina',15,157253,0,'Nair'),(1,'Carlos',15,157254,0,'Nair'),(1,'Catarina',15,157255,0,'Nair'),(1,'Idilio',15,157256,0,'Nair'),(1,'Maria',15,157257,0,'Nair'),(1,'Nair',15,157258,0,'Nair'),(1,'Paula',15,157259,0,'Nair'),(1,'Angelina',15,157260,0,'Paula'),(1,'Carlos',15,157261,0,'Paula'),(1,'Catarina',15,157262,0,'Paula'),(1,'Idilio',15,157263,0,'Paula'),(1,'Maria',15,157264,0,'Paula'),(1,'Nair',15,157265,0,'Paula'),(1,'Paula',15,157266,0,'Paula'),(1,'Angelina',16,157267,0,'Angelina'),(1,'Carlos',16,157268,0,'Angelina'),(1,'Catarina',16,157269,0,'Angelina'),(1,'Idilio',16,157270,0,'Angelina'),(1,'Maria',16,157271,0,'Angelina'),(1,'Nair',16,157272,0,'Angelina'),(1,'Paula',16,157273,0,'Angelina'),(1,'Angelina',16,157274,0,'Carlos'),(1,'Carlos',16,157275,0,'Carlos'),(1,'Catarina',16,157276,0,'Carlos'),(1,'Idilio',16,157277,0,'Carlos'),(1,'Maria',16,157278,0,'Carlos'),(1,'Nair',16,157279,0,'Carlos'),(1,'Paula',16,157280,0,'Carlos'),(1,'Angelina',16,157281,0,'Catarina'),(1,'Carlos',16,157282,0,'Catarina'),(1,'Catarina',16,157283,0,'Catarina'),(1,'Idilio',16,157284,0,'Catarina'),(1,'Maria',16,157285,0,'Catarina'),(1,'Nair',16,157286,0,'Catarina'),(1,'Paula',16,157287,0,'Catarina'),(1,'Angelina',16,157288,0,'Idilio'),(1,'Carlos',16,157289,0,'Idilio'),(1,'Catarina',16,157290,0,'Idilio'),(1,'Idilio',16,157291,0,'Idilio'),(1,'Maria',16,157292,0,'Idilio'),(1,'Nair',16,157293,0,'Idilio'),(1,'Paula',16,157294,0,'Idilio'),(1,'Angelina',16,157295,0,'Maria'),(1,'Carlos',16,157296,0,'Maria'),(1,'Catarina',16,157297,0,'Maria'),(1,'Idilio',16,157298,0,'Maria'),(1,'Maria',16,157299,0,'Maria'),(1,'Nair',16,157300,0,'Maria'),(1,'Paula',16,157301,0,'Maria'),(1,'Angelina',16,157302,0,'Nair'),(1,'Carlos',16,157303,0,'Nair'),(1,'Catarina',16,157304,0,'Nair'),(1,'Idilio',16,157305,0,'Nair'),(1,'Maria',16,157306,0,'Nair'),(1,'Nair',16,157307,0,'Nair'),(1,'Paula',16,157308,0,'Nair'),(1,'Angelina',16,157309,0,'Paula'),(1,'Carlos',16,157310,0,'Paula'),(1,'Catarina',16,157311,0,'Paula'),(1,'Idilio',16,157312,0,'Paula'),(1,'Maria',16,157313,0,'Paula'),(1,'Nair',16,157314,0,'Paula'),(1,'Paula',16,157315,0,'Paula'),(1,'Angelina',17,157316,0,'Angelina'),(1,'Carlos',17,157317,0,'Angelina'),(1,'Catarina',17,157318,0,'Angelina'),(1,'Idilio',17,157319,0,'Angelina'),(1,'Maria',17,157320,0,'Angelina'),(1,'Nair',17,157321,0,'Angelina'),(1,'Paula',17,157322,0,'Angelina'),(1,'Angelina',17,157323,0,'Carlos'),(1,'Carlos',17,157324,0,'Carlos'),(1,'Catarina',17,157325,0,'Carlos'),(1,'Idilio',17,157326,0,'Carlos'),(1,'Maria',17,157327,0,'Carlos'),(1,'Nair',17,157328,0,'Carlos'),(1,'Paula',17,157329,0,'Carlos'),(1,'Angelina',17,157330,0,'Catarina'),(1,'Carlos',17,157331,0,'Catarina'),(1,'Catarina',17,157332,0,'Catarina'),(1,'Idilio',17,157333,0,'Catarina'),(1,'Maria',17,157334,0,'Catarina'),(1,'Nair',17,157335,0,'Catarina'),(1,'Paula',17,157336,0,'Catarina'),(1,'Angelina',17,157337,0,'Idilio'),(1,'Carlos',17,157338,0,'Idilio'),(1,'Catarina',17,157339,0,'Idilio'),(1,'Idilio',17,157340,0,'Idilio'),(1,'Maria',17,157341,0,'Idilio'),(1,'Nair',17,157342,0,'Idilio'),(1,'Paula',17,157343,0,'Idilio'),(1,'Angelina',17,157344,0,'Maria'),(1,'Carlos',17,157345,0,'Maria'),(1,'Catarina',17,157346,0,'Maria'),(1,'Idilio',17,157347,0,'Maria'),(1,'Maria',17,157348,0,'Maria'),(1,'Nair',17,157349,0,'Maria'),(1,'Paula',17,157350,0,'Maria'),(1,'Angelina',17,157351,0,'Nair'),(1,'Carlos',17,157352,0,'Nair'),(1,'Catarina',17,157353,0,'Nair'),(1,'Idilio',17,157354,0,'Nair'),(1,'Maria',17,157355,0,'Nair'),(1,'Nair',17,157356,0,'Nair'),(1,'Paula',17,157357,0,'Nair'),(1,'Angelina',17,157358,0,'Paula'),(1,'Carlos',17,157359,0,'Paula'),(1,'Catarina',17,157360,0,'Paula'),(1,'Idilio',17,157361,0,'Paula'),(1,'Maria',17,157362,0,'Paula'),(1,'Nair',17,157363,0,'Paula'),(1,'Paula',17,157364,0,'Paula'),(1,'Angelina',18,157365,0,'Angelina'),(1,'Carlos',18,157366,0,'Angelina'),(1,'Catarina',18,157367,0,'Angelina'),(1,'Idilio',18,157368,0,'Angelina'),(1,'Maria',18,157369,0,'Angelina'),(1,'Nair',18,157370,0,'Angelina'),(1,'Paula',18,157371,0,'Angelina'),(1,'Angelina',18,157372,0,'Carlos'),(1,'Carlos',18,157373,0,'Carlos'),(1,'Catarina',18,157374,0,'Carlos'),(1,'Idilio',18,157375,0,'Carlos'),(1,'Maria',18,157376,0,'Carlos'),(1,'Nair',18,157377,0,'Carlos'),(1,'Paula',18,157378,0,'Carlos'),(1,'Angelina',18,157379,0,'Catarina'),(1,'Carlos',18,157380,0,'Catarina'),(1,'Catarina',18,157381,0,'Catarina'),(1,'Idilio',18,157382,0,'Catarina'),(1,'Maria',18,157383,0,'Catarina'),(1,'Nair',18,157384,0,'Catarina'),(1,'Paula',18,157385,0,'Catarina'),(1,'Angelina',18,157386,0,'Idilio'),(1,'Carlos',18,157387,0,'Idilio'),(1,'Catarina',18,157388,0,'Idilio'),(1,'Idilio',18,157389,0,'Idilio'),(1,'Maria',18,157390,0,'Idilio'),(1,'Nair',18,157391,0,'Idilio'),(1,'Paula',18,157392,0,'Idilio'),(1,'Angelina',18,157393,0,'Maria'),(1,'Carlos',18,157394,0,'Maria'),(1,'Catarina',18,157395,0,'Maria'),(1,'Idilio',18,157396,0,'Maria'),(1,'Maria',18,157397,0,'Maria'),(1,'Nair',18,157398,0,'Maria'),(1,'Paula',18,157399,0,'Maria'),(1,'Angelina',18,157400,0,'Nair'),(1,'Carlos',18,157401,0,'Nair'),(1,'Catarina',18,157402,0,'Nair'),(1,'Idilio',18,157403,0,'Nair'),(1,'Maria',18,157404,0,'Nair'),(1,'Nair',18,157405,0,'Nair'),(1,'Paula',18,157406,0,'Nair'),(1,'Angelina',18,157407,0,'Paula'),(1,'Carlos',18,157408,0,'Paula'),(1,'Catarina',18,157409,0,'Paula'),(1,'Idilio',18,157410,0,'Paula'),(1,'Maria',18,157411,0,'Paula'),(1,'Nair',18,157412,0,'Paula'),(1,'Paula',18,157413,0,'Paula'),(1,'Angelina',19,157414,0,'Angelina'),(1,'Carlos',19,157415,0,'Angelina'),(1,'Catarina',19,157416,0,'Angelina'),(1,'Idilio',19,157417,0,'Angelina'),(1,'Maria',19,157418,0,'Angelina'),(1,'Nair',19,157419,0,'Angelina'),(1,'Paula',19,157420,0,'Angelina'),(1,'Angelina',19,157421,0,'Carlos'),(1,'Carlos',19,157422,0,'Carlos'),(1,'Catarina',19,157423,0,'Carlos'),(1,'Idilio',19,157424,0,'Carlos'),(1,'Maria',19,157425,0,'Carlos'),(1,'Nair',19,157426,0,'Carlos'),(1,'Paula',19,157427,0,'Carlos'),(1,'Angelina',19,157428,0,'Catarina'),(1,'Carlos',19,157429,0,'Catarina'),(1,'Catarina',19,157430,0,'Catarina'),(1,'Idilio',19,157431,0,'Catarina'),(1,'Maria',19,157432,0,'Catarina'),(1,'Nair',19,157433,0,'Catarina'),(1,'Paula',19,157434,0,'Catarina'),(1,'Angelina',19,157435,0,'Idilio'),(1,'Carlos',19,157436,0,'Idilio'),(1,'Catarina',19,157437,0,'Idilio'),(1,'Idilio',19,157438,0,'Idilio'),(1,'Maria',19,157439,0,'Idilio'),(1,'Nair',19,157440,0,'Idilio'),(1,'Paula',19,157441,0,'Idilio'),(1,'Angelina',19,157442,0,'Maria'),(1,'Carlos',19,157443,0,'Maria'),(1,'Catarina',19,157444,0,'Maria'),(1,'Idilio',19,157445,0,'Maria'),(1,'Maria',19,157446,0,'Maria'),(1,'Nair',19,157447,0,'Maria'),(1,'Paula',19,157448,0,'Maria'),(1,'Angelina',19,157449,0,'Nair'),(1,'Carlos',19,157450,0,'Nair'),(1,'Catarina',19,157451,0,'Nair'),(1,'Idilio',19,157452,0,'Nair'),(1,'Maria',19,157453,0,'Nair'),(1,'Nair',19,157454,0,'Nair'),(1,'Paula',19,157455,0,'Nair'),(1,'Angelina',19,157456,0,'Paula'),(1,'Carlos',19,157457,0,'Paula'),(1,'Catarina',19,157458,0,'Paula'),(1,'Idilio',19,157459,0,'Paula'),(1,'Maria',19,157460,0,'Paula'),(1,'Nair',19,157461,0,'Paula'),(1,'Paula',19,157462,0,'Paula'),(1,'Angelina',20,157463,0,'Angelina'),(1,'Carlos',20,157464,0,'Angelina'),(1,'Catarina',20,157465,0,'Angelina'),(1,'Idilio',20,157466,0,'Angelina'),(1,'Maria',20,157467,0,'Angelina'),(1,'Nair',20,157468,0,'Angelina'),(1,'Paula',20,157469,0,'Angelina'),(1,'Angelina',20,157470,0,'Carlos'),(1,'Carlos',20,157471,0,'Carlos'),(1,'Catarina',20,157472,0,'Carlos'),(1,'Idilio',20,157473,0,'Carlos'),(1,'Maria',20,157474,0,'Carlos'),(1,'Nair',20,157475,0,'Carlos'),(1,'Paula',20,157476,0,'Carlos'),(1,'Angelina',20,157477,0,'Catarina'),(1,'Carlos',20,157478,0,'Catarina'),(1,'Catarina',20,157479,0,'Catarina'),(1,'Idilio',20,157480,0,'Catarina'),(1,'Maria',20,157481,0,'Catarina'),(1,'Nair',20,157482,0,'Catarina'),(1,'Paula',20,157483,0,'Catarina'),(1,'Angelina',20,157484,0,'Idilio'),(1,'Carlos',20,157485,0,'Idilio'),(1,'Catarina',20,157486,0,'Idilio'),(1,'Idilio',20,157487,0,'Idilio'),(1,'Maria',20,157488,0,'Idilio'),(1,'Nair',20,157489,0,'Idilio'),(1,'Paula',20,157490,0,'Idilio'),(1,'Angelina',20,157491,0,'Maria'),(1,'Carlos',20,157492,0,'Maria'),(1,'Catarina',20,157493,0,'Maria'),(1,'Idilio',20,157494,0,'Maria'),(1,'Maria',20,157495,0,'Maria'),(1,'Nair',20,157496,0,'Maria'),(1,'Paula',20,157497,0,'Maria'),(1,'Angelina',20,157498,0,'Nair'),(1,'Carlos',20,157499,0,'Nair'),(1,'Catarina',20,157500,0,'Nair'),(1,'Idilio',20,157501,0,'Nair'),(1,'Maria',20,157502,0,'Nair'),(1,'Nair',20,157503,0,'Nair'),(1,'Paula',20,157504,0,'Nair'),(1,'Angelina',20,157505,0,'Paula'),(1,'Carlos',20,157506,0,'Paula'),(1,'Catarina',20,157507,0,'Paula'),(1,'Idilio',20,157508,0,'Paula'),(1,'Maria',20,157509,0,'Paula'),(1,'Nair',20,157510,0,'Paula'),(1,'Paula',20,157511,0,'Paula'),(1,'Angelina',21,157512,0,'Angelina'),(1,'Carlos',21,157513,0,'Angelina'),(1,'Catarina',21,157514,0,'Angelina'),(1,'Idilio',21,157515,0,'Angelina'),(1,'Maria',21,157516,0,'Angelina'),(1,'Nair',21,157517,0,'Angelina'),(1,'Paula',21,157518,0,'Angelina'),(1,'Angelina',21,157519,0,'Carlos'),(1,'Carlos',21,157520,0,'Carlos'),(1,'Catarina',21,157521,0,'Carlos'),(1,'Idilio',21,157522,0,'Carlos'),(1,'Maria',21,157523,0,'Carlos'),(1,'Nair',21,157524,0,'Carlos'),(1,'Paula',21,157525,0,'Carlos'),(1,'Angelina',21,157526,0,'Catarina'),(1,'Carlos',21,157527,0,'Catarina'),(1,'Catarina',21,157528,0,'Catarina'),(1,'Idilio',21,157529,0,'Catarina'),(1,'Maria',21,157530,0,'Catarina'),(1,'Nair',21,157531,0,'Catarina'),(1,'Paula',21,157532,0,'Catarina'),(1,'Angelina',21,157533,0,'Idilio'),(1,'Carlos',21,157534,0,'Idilio'),(1,'Catarina',21,157535,0,'Idilio'),(1,'Idilio',21,157536,0,'Idilio'),(1,'Maria',21,157537,0,'Idilio'),(1,'Nair',21,157538,0,'Idilio'),(1,'Paula',21,157539,0,'Idilio'),(1,'Angelina',21,157540,0,'Maria'),(1,'Carlos',21,157541,0,'Maria'),(1,'Catarina',21,157542,0,'Maria'),(1,'Idilio',21,157543,0,'Maria'),(1,'Maria',21,157544,0,'Maria'),(1,'Nair',21,157545,0,'Maria'),(1,'Paula',21,157546,0,'Maria'),(1,'Angelina',21,157547,0,'Nair'),(1,'Carlos',21,157548,0,'Nair'),(1,'Catarina',21,157549,0,'Nair'),(1,'Idilio',21,157550,0,'Nair'),(1,'Maria',21,157551,0,'Nair'),(1,'Nair',21,157552,0,'Nair'),(1,'Paula',21,157553,0,'Nair'),(1,'Angelina',21,157554,0,'Paula'),(1,'Carlos',21,157555,0,'Paula'),(1,'Catarina',21,157556,0,'Paula'),(1,'Idilio',21,157557,0,'Paula'),(1,'Maria',21,157558,0,'Paula'),(1,'Nair',21,157559,0,'Paula'),(1,'Paula',21,157560,0,'Paula'),(1,'Angelina',22,157561,0,'Angelina'),(1,'Carlos',22,157562,0,'Angelina'),(1,'Catarina',22,157563,0,'Angelina'),(1,'Idilio',22,157564,0,'Angelina'),(1,'Maria',22,157565,0,'Angelina'),(1,'Nair',22,157566,0,'Angelina'),(1,'Paula',22,157567,0,'Angelina'),(1,'Angelina',22,157568,0,'Carlos'),(1,'Carlos',22,157569,0,'Carlos'),(1,'Catarina',22,157570,0,'Carlos'),(1,'Idilio',22,157571,0,'Carlos'),(1,'Maria',22,157572,0,'Carlos'),(1,'Nair',22,157573,0,'Carlos'),(1,'Paula',22,157574,0,'Carlos'),(1,'Angelina',22,157575,0,'Catarina'),(1,'Carlos',22,157576,0,'Catarina'),(1,'Catarina',22,157577,0,'Catarina'),(1,'Idilio',22,157578,0,'Catarina'),(1,'Maria',22,157579,0,'Catarina'),(1,'Nair',22,157580,0,'Catarina'),(1,'Paula',22,157581,0,'Catarina'),(1,'Angelina',22,157582,0,'Idilio'),(1,'Carlos',22,157583,0,'Idilio'),(1,'Catarina',22,157584,0,'Idilio'),(1,'Idilio',22,157585,0,'Idilio'),(1,'Maria',22,157586,0,'Idilio'),(1,'Nair',22,157587,0,'Idilio'),(1,'Paula',22,157588,0,'Idilio'),(1,'Angelina',22,157589,0,'Maria'),(1,'Carlos',22,157590,0,'Maria'),(1,'Catarina',22,157591,0,'Maria'),(1,'Idilio',22,157592,0,'Maria'),(1,'Maria',22,157593,0,'Maria'),(1,'Nair',22,157594,0,'Maria'),(1,'Paula',22,157595,0,'Maria'),(1,'Angelina',22,157596,0,'Nair'),(1,'Carlos',22,157597,0,'Nair'),(1,'Catarina',22,157598,0,'Nair'),(1,'Idilio',22,157599,0,'Nair'),(1,'Maria',22,157600,0,'Nair'),(1,'Nair',22,157601,0,'Nair'),(1,'Paula',22,157602,0,'Nair'),(1,'Angelina',22,157603,0,'Paula'),(1,'Carlos',22,157604,0,'Paula'),(1,'Catarina',22,157605,0,'Paula'),(1,'Idilio',22,157606,0,'Paula'),(1,'Maria',22,157607,0,'Paula'),(1,'Nair',22,157608,0,'Paula'),(1,'Paula',22,157609,0,'Paula'),(1,'Angelina',23,157610,0,'Angelina'),(1,'Carlos',23,157611,0,'Angelina'),(1,'Catarina',23,157612,0,'Angelina'),(1,'Idilio',23,157613,0,'Angelina'),(1,'Maria',23,157614,0,'Angelina'),(1,'Nair',23,157615,0,'Angelina'),(1,'Paula',23,157616,0,'Angelina'),(1,'Angelina',23,157617,0,'Carlos'),(1,'Carlos',23,157618,0,'Carlos'),(1,'Catarina',23,157619,0,'Carlos'),(1,'Idilio',23,157620,0,'Carlos'),(1,'Maria',23,157621,0,'Carlos'),(1,'Nair',23,157622,0,'Carlos'),(1,'Paula',23,157623,0,'Carlos'),(1,'Angelina',23,157624,0,'Catarina'),(1,'Carlos',23,157625,0,'Catarina'),(1,'Catarina',23,157626,0,'Catarina'),(1,'Idilio',23,157627,0,'Catarina'),(1,'Maria',23,157628,0,'Catarina'),(1,'Nair',23,157629,0,'Catarina'),(1,'Paula',23,157630,0,'Catarina'),(1,'Angelina',23,157631,0,'Idilio'),(1,'Carlos',23,157632,0,'Idilio'),(1,'Catarina',23,157633,0,'Idilio'),(1,'Idilio',23,157634,0,'Idilio'),(1,'Maria',23,157635,0,'Idilio'),(1,'Nair',23,157636,0,'Idilio'),(1,'Paula',23,157637,0,'Idilio'),(1,'Angelina',23,157638,0,'Maria'),(1,'Carlos',23,157639,0,'Maria'),(1,'Catarina',23,157640,0,'Maria'),(1,'Idilio',23,157641,0,'Maria'),(1,'Maria',23,157642,0,'Maria'),(1,'Nair',23,157643,0,'Maria'),(1,'Paula',23,157644,0,'Maria'),(1,'Angelina',23,157645,0,'Nair'),(1,'Carlos',23,157646,0,'Nair'),(1,'Catarina',23,157647,0,'Nair'),(1,'Idilio',23,157648,0,'Nair'),(1,'Maria',23,157649,0,'Nair'),(1,'Nair',23,157650,0,'Nair'),(1,'Paula',23,157651,0,'Nair'),(1,'Angelina',23,157652,0,'Paula'),(1,'Carlos',23,157653,0,'Paula'),(1,'Catarina',23,157654,0,'Paula'),(1,'Idilio',23,157655,0,'Paula'),(1,'Maria',23,157656,0,'Paula'),(1,'Nair',23,157657,0,'Paula'),(1,'Paula',23,157658,0,'Paula'),(1,'Angelina',24,157659,0,'Angelina'),(1,'Carlos',24,157660,0,'Angelina'),(1,'Catarina',24,157661,0,'Angelina'),(1,'Idilio',24,157662,0,'Angelina'),(1,'Maria',24,157663,0,'Angelina'),(1,'Nair',24,157664,0,'Angelina'),(1,'Paula',24,157665,0,'Angelina'),(1,'Angelina',24,157666,0,'Carlos'),(1,'Carlos',24,157667,0,'Carlos'),(1,'Catarina',24,157668,0,'Carlos'),(1,'Idilio',24,157669,0,'Carlos'),(1,'Maria',24,157670,0,'Carlos'),(1,'Nair',24,157671,0,'Carlos'),(1,'Paula',24,157672,0,'Carlos'),(1,'Angelina',24,157673,0,'Catarina'),(1,'Carlos',24,157674,0,'Catarina'),(1,'Catarina',24,157675,0,'Catarina'),(1,'Idilio',24,157676,0,'Catarina'),(1,'Maria',24,157677,0,'Catarina'),(1,'Nair',24,157678,0,'Catarina'),(1,'Paula',24,157679,0,'Catarina'),(1,'Angelina',24,157680,0,'Idilio'),(1,'Carlos',24,157681,0,'Idilio'),(1,'Catarina',24,157682,0,'Idilio'),(1,'Idilio',24,157683,0,'Idilio'),(1,'Maria',24,157684,0,'Idilio'),(1,'Nair',24,157685,0,'Idilio'),(1,'Paula',24,157686,0,'Idilio'),(1,'Angelina',24,157687,0,'Maria'),(1,'Carlos',24,157688,0,'Maria'),(1,'Catarina',24,157689,0,'Maria'),(1,'Idilio',24,157690,0,'Maria'),(1,'Maria',24,157691,0,'Maria'),(1,'Nair',24,157692,0,'Maria'),(1,'Paula',24,157693,0,'Maria'),(1,'Angelina',24,157694,0,'Nair'),(1,'Carlos',24,157695,0,'Nair'),(1,'Catarina',24,157696,0,'Nair'),(1,'Idilio',24,157697,0,'Nair'),(1,'Maria',24,157698,0,'Nair'),(1,'Nair',24,157699,0,'Nair'),(1,'Paula',24,157700,0,'Nair'),(1,'Angelina',24,157701,0,'Paula'),(1,'Carlos',24,157702,0,'Paula'),(1,'Catarina',24,157703,0,'Paula'),(1,'Idilio',24,157704,0,'Paula'),(1,'Maria',24,157705,0,'Paula'),(1,'Nair',24,157706,0,'Paula'),(1,'Paula',24,157707,0,'Paula'),(1,'Angelina',25,157708,0,'Angelina'),(1,'Carlos',25,157709,0,'Angelina'),(1,'Catarina',25,157710,0,'Angelina'),(1,'Idilio',25,157711,0,'Angelina'),(1,'Maria',25,157712,0,'Angelina'),(1,'Nair',25,157713,0,'Angelina'),(1,'Paula',25,157714,0,'Angelina'),(1,'Angelina',25,157715,0,'Carlos'),(1,'Carlos',25,157716,0,'Carlos'),(1,'Catarina',25,157717,0,'Carlos'),(1,'Idilio',25,157718,0,'Carlos'),(1,'Maria',25,157719,0,'Carlos'),(1,'Nair',25,157720,0,'Carlos'),(1,'Paula',25,157721,0,'Carlos'),(1,'Angelina',25,157722,0,'Catarina'),(1,'Carlos',25,157723,0,'Catarina'),(1,'Catarina',25,157724,0,'Catarina'),(1,'Idilio',25,157725,0,'Catarina'),(1,'Maria',25,157726,0,'Catarina'),(1,'Nair',25,157727,0,'Catarina'),(1,'Paula',25,157728,0,'Catarina'),(1,'Angelina',25,157729,0,'Idilio'),(1,'Carlos',25,157730,0,'Idilio'),(1,'Catarina',25,157731,0,'Idilio'),(1,'Idilio',25,157732,0,'Idilio'),(1,'Maria',25,157733,0,'Idilio'),(1,'Nair',25,157734,0,'Idilio'),(1,'Paula',25,157735,0,'Idilio'),(1,'Angelina',25,157736,0,'Maria'),(1,'Carlos',25,157737,0,'Maria'),(1,'Catarina',25,157738,0,'Maria'),(1,'Idilio',25,157739,0,'Maria'),(1,'Maria',25,157740,0,'Maria'),(1,'Nair',25,157741,0,'Maria'),(1,'Paula',25,157742,0,'Maria'),(1,'Angelina',25,157743,0,'Nair'),(1,'Carlos',25,157744,0,'Nair'),(1,'Catarina',25,157745,0,'Nair'),(1,'Idilio',25,157746,0,'Nair'),(1,'Maria',25,157747,0,'Nair'),(1,'Nair',25,157748,0,'Nair'),(1,'Paula',25,157749,0,'Nair'),(1,'Angelina',25,157750,0,'Paula'),(1,'Carlos',25,157751,0,'Paula'),(1,'Catarina',25,157752,0,'Paula'),(1,'Idilio',25,157753,0,'Paula'),(1,'Maria',25,157754,0,'Paula'),(1,'Nair',25,157755,0,'Paula'),(1,'Paula',25,157756,0,'Paula'),(1,'Angelina',26,157757,0,'Angelina'),(1,'Carlos',26,157758,0,'Angelina'),(1,'Catarina',26,157759,0,'Angelina'),(1,'Idilio',26,157760,0,'Angelina'),(1,'Maria',26,157761,0,'Angelina'),(1,'Nair',26,157762,0,'Angelina'),(1,'Paula',26,157763,0,'Angelina'),(1,'Angelina',26,157764,0,'Carlos'),(1,'Carlos',26,157765,0,'Carlos'),(1,'Catarina',26,157766,0,'Carlos'),(1,'Idilio',26,157767,0,'Carlos'),(1,'Maria',26,157768,0,'Carlos'),(1,'Nair',26,157769,0,'Carlos'),(1,'Paula',26,157770,0,'Carlos'),(1,'Angelina',26,157771,0,'Catarina'),(1,'Carlos',26,157772,0,'Catarina'),(1,'Catarina',26,157773,0,'Catarina'),(1,'Idilio',26,157774,0,'Catarina'),(1,'Maria',26,157775,0,'Catarina'),(1,'Nair',26,157776,0,'Catarina'),(1,'Paula',26,157777,0,'Catarina'),(1,'Angelina',26,157778,0,'Idilio'),(1,'Carlos',26,157779,0,'Idilio'),(1,'Catarina',26,157780,0,'Idilio'),(1,'Idilio',26,157781,0,'Idilio'),(1,'Maria',26,157782,0,'Idilio'),(1,'Nair',26,157783,0,'Idilio'),(1,'Paula',26,157784,0,'Idilio'),(1,'Angelina',26,157785,0,'Maria'),(1,'Carlos',26,157786,0,'Maria'),(1,'Catarina',26,157787,0,'Maria'),(1,'Idilio',26,157788,0,'Maria'),(1,'Maria',26,157789,0,'Maria'),(1,'Nair',26,157790,0,'Maria'),(1,'Paula',26,157791,0,'Maria'),(1,'Angelina',26,157792,0,'Nair'),(1,'Carlos',26,157793,0,'Nair'),(1,'Catarina',26,157794,0,'Nair'),(1,'Idilio',26,157795,0,'Nair'),(1,'Maria',26,157796,0,'Nair'),(1,'Nair',26,157797,0,'Nair'),(1,'Paula',26,157798,0,'Nair'),(1,'Angelina',26,157799,0,'Paula'),(1,'Carlos',26,157800,0,'Paula'),(1,'Catarina',26,157801,0,'Paula'),(1,'Idilio',26,157802,0,'Paula'),(1,'Maria',26,157803,0,'Paula'),(1,'Nair',26,157804,0,'Paula'),(1,'Paula',26,157805,0,'Paula'),(1,'Angelina',27,157806,0,'Angelina'),(1,'Carlos',27,157807,0,'Angelina'),(1,'Catarina',27,157808,0,'Angelina'),(1,'Idilio',27,157809,0,'Angelina'),(1,'Maria',27,157810,0,'Angelina'),(1,'Nair',27,157811,0,'Angelina'),(1,'Paula',27,157812,0,'Angelina'),(1,'Angelina',27,157813,0,'Carlos'),(1,'Carlos',27,157814,0,'Carlos'),(1,'Catarina',27,157815,0,'Carlos'),(1,'Idilio',27,157816,0,'Carlos'),(1,'Maria',27,157817,0,'Carlos'),(1,'Nair',27,157818,0,'Carlos'),(1,'Paula',27,157819,0,'Carlos'),(1,'Angelina',27,157820,0,'Catarina'),(1,'Carlos',27,157821,0,'Catarina'),(1,'Catarina',27,157822,0,'Catarina'),(1,'Idilio',27,157823,0,'Catarina'),(1,'Maria',27,157824,0,'Catarina'),(1,'Nair',27,157825,0,'Catarina'),(1,'Paula',27,157826,0,'Catarina'),(1,'Angelina',27,157827,0,'Idilio'),(1,'Carlos',27,157828,0,'Idilio'),(1,'Catarina',27,157829,0,'Idilio'),(1,'Idilio',27,157830,0,'Idilio'),(1,'Maria',27,157831,0,'Idilio'),(1,'Nair',27,157832,0,'Idilio'),(1,'Paula',27,157833,0,'Idilio'),(1,'Angelina',27,157834,0,'Maria'),(1,'Carlos',27,157835,0,'Maria'),(1,'Catarina',27,157836,0,'Maria'),(1,'Idilio',27,157837,0,'Maria'),(1,'Maria',27,157838,0,'Maria'),(1,'Nair',27,157839,0,'Maria'),(1,'Paula',27,157840,0,'Maria'),(1,'Angelina',27,157841,0,'Nair'),(1,'Carlos',27,157842,0,'Nair'),(1,'Catarina',27,157843,0,'Nair'),(1,'Idilio',27,157844,0,'Nair'),(1,'Maria',27,157845,0,'Nair'),(1,'Nair',27,157846,0,'Nair'),(1,'Paula',27,157847,0,'Nair'),(1,'Angelina',27,157848,0,'Paula'),(1,'Carlos',27,157849,0,'Paula'),(1,'Catarina',27,157850,0,'Paula'),(1,'Idilio',27,157851,0,'Paula'),(1,'Maria',27,157852,0,'Paula'),(1,'Nair',27,157853,0,'Paula'),(1,'Paula',27,157854,0,'Paula'),(1,'Angelina',28,157855,0,'Angelina'),(1,'Carlos',28,157856,0,'Angelina'),(1,'Catarina',28,157857,0,'Angelina'),(1,'Idilio',28,157858,0,'Angelina'),(1,'Maria',28,157859,0,'Angelina'),(1,'Nair',28,157860,0,'Angelina'),(1,'Paula',28,157861,0,'Angelina'),(1,'Angelina',28,157862,0,'Carlos'),(1,'Carlos',28,157863,0,'Carlos'),(1,'Catarina',28,157864,0,'Carlos'),(1,'Idilio',28,157865,0,'Carlos'),(1,'Maria',28,157866,0,'Carlos'),(1,'Nair',28,157867,0,'Carlos'),(1,'Paula',28,157868,0,'Carlos'),(1,'Angelina',28,157869,0,'Catarina'),(1,'Carlos',28,157870,0,'Catarina'),(1,'Catarina',28,157871,0,'Catarina'),(1,'Idilio',28,157872,0,'Catarina'),(1,'Maria',28,157873,0,'Catarina'),(1,'Nair',28,157874,0,'Catarina'),(1,'Paula',28,157875,0,'Catarina'),(1,'Angelina',28,157876,0,'Idilio'),(1,'Carlos',28,157877,0,'Idilio'),(1,'Catarina',28,157878,0,'Idilio'),(1,'Idilio',28,157879,0,'Idilio'),(1,'Maria',28,157880,0,'Idilio'),(1,'Nair',28,157881,0,'Idilio'),(1,'Paula',28,157882,0,'Idilio'),(1,'Angelina',28,157883,0,'Maria'),(1,'Carlos',28,157884,0,'Maria'),(1,'Catarina',28,157885,0,'Maria'),(1,'Idilio',28,157886,0,'Maria'),(1,'Maria',28,157887,0,'Maria'),(1,'Nair',28,157888,0,'Maria'),(1,'Paula',28,157889,0,'Maria'),(1,'Angelina',28,157890,0,'Nair'),(1,'Carlos',28,157891,0,'Nair'),(1,'Catarina',28,157892,0,'Nair'),(1,'Idilio',28,157893,0,'Nair'),(1,'Maria',28,157894,0,'Nair'),(1,'Nair',28,157895,0,'Nair'),(1,'Paula',28,157896,0,'Nair'),(1,'Angelina',28,157897,0,'Paula'),(1,'Carlos',28,157898,0,'Paula'),(1,'Catarina',28,157899,0,'Paula'),(1,'Idilio',28,157900,0,'Paula'),(1,'Maria',28,157901,0,'Paula'),(1,'Nair',28,157902,0,'Paula'),(1,'Paula',28,157903,0,'Paula'),(1,'Angelina',29,157904,0,'Angelina'),(1,'Carlos',29,157905,0,'Angelina'),(1,'Catarina',29,157906,0,'Angelina'),(1,'Idilio',29,157907,0,'Angelina'),(1,'Maria',29,157908,0,'Angelina'),(1,'Nair',29,157909,0,'Angelina'),(1,'Paula',29,157910,0,'Angelina'),(1,'Angelina',29,157911,0,'Carlos'),(1,'Carlos',29,157912,0,'Carlos'),(1,'Catarina',29,157913,0,'Carlos'),(1,'Idilio',29,157914,0,'Carlos'),(1,'Maria',29,157915,0,'Carlos'),(1,'Nair',29,157916,0,'Carlos'),(1,'Paula',29,157917,0,'Carlos'),(1,'Angelina',29,157918,0,'Catarina'),(1,'Carlos',29,157919,0,'Catarina'),(1,'Catarina',29,157920,0,'Catarina'),(1,'Idilio',29,157921,0,'Catarina'),(1,'Maria',29,157922,0,'Catarina'),(1,'Nair',29,157923,0,'Catarina'),(1,'Paula',29,157924,0,'Catarina'),(1,'Angelina',29,157925,0,'Idilio'),(1,'Carlos',29,157926,0,'Idilio'),(1,'Catarina',29,157927,0,'Idilio'),(1,'Idilio',29,157928,0,'Idilio'),(1,'Maria',29,157929,0,'Idilio'),(1,'Nair',29,157930,0,'Idilio'),(1,'Paula',29,157931,0,'Idilio'),(1,'Angelina',29,157932,0,'Maria'),(1,'Carlos',29,157933,0,'Maria'),(1,'Catarina',29,157934,0,'Maria'),(1,'Idilio',29,157935,0,'Maria'),(1,'Maria',29,157936,0,'Maria'),(1,'Nair',29,157937,0,'Maria'),(1,'Paula',29,157938,0,'Maria'),(1,'Angelina',29,157939,0,'Nair'),(1,'Carlos',29,157940,0,'Nair'),(1,'Catarina',29,157941,0,'Nair'),(1,'Idilio',29,157942,0,'Nair'),(1,'Maria',29,157943,0,'Nair'),(1,'Nair',29,157944,0,'Nair'),(1,'Paula',29,157945,0,'Nair'),(1,'Angelina',29,157946,0,'Paula'),(1,'Carlos',29,157947,0,'Paula'),(1,'Catarina',29,157948,0,'Paula'),(1,'Idilio',29,157949,0,'Paula'),(1,'Maria',29,157950,0,'Paula'),(1,'Nair',29,157951,0,'Paula'),(1,'Paula',29,157952,0,'Paula'),(1,'Angelina',30,157953,0,'Angelina'),(1,'Carlos',30,157954,0,'Angelina'),(1,'Catarina',30,157955,0,'Angelina'),(1,'Idilio',30,157956,0,'Angelina'),(1,'Maria',30,157957,0,'Angelina'),(1,'Nair',30,157958,0,'Angelina'),(1,'Paula',30,157959,0,'Angelina'),(1,'Angelina',30,157960,0,'Carlos'),(1,'Carlos',30,157961,0,'Carlos'),(1,'Catarina',30,157962,0,'Carlos'),(1,'Idilio',30,157963,0,'Carlos'),(1,'Maria',30,157964,0,'Carlos'),(1,'Nair',30,157965,0,'Carlos'),(1,'Paula',30,157966,0,'Carlos'),(1,'Angelina',30,157967,0,'Catarina'),(1,'Carlos',30,157968,0,'Catarina'),(1,'Catarina',30,157969,0,'Catarina'),(1,'Idilio',30,157970,0,'Catarina'),(1,'Maria',30,157971,0,'Catarina'),(1,'Nair',30,157972,0,'Catarina'),(1,'Paula',30,157973,0,'Catarina'),(1,'Angelina',30,157974,0,'Idilio'),(1,'Carlos',30,157975,0,'Idilio'),(1,'Catarina',30,157976,0,'Idilio'),(1,'Idilio',30,157977,0,'Idilio'),(1,'Maria',30,157978,0,'Idilio'),(1,'Nair',30,157979,0,'Idilio'),(1,'Paula',30,157980,0,'Idilio'),(1,'Angelina',30,157981,0,'Maria'),(1,'Carlos',30,157982,0,'Maria'),(1,'Catarina',30,157983,0,'Maria'),(1,'Idilio',30,157984,0,'Maria'),(1,'Maria',30,157985,0,'Maria'),(1,'Nair',30,157986,0,'Maria'),(1,'Paula',30,157987,0,'Maria'),(1,'Angelina',30,157988,0,'Nair'),(1,'Carlos',30,157989,0,'Nair'),(1,'Catarina',30,157990,0,'Nair'),(1,'Idilio',30,157991,0,'Nair'),(1,'Maria',30,157992,0,'Nair'),(1,'Nair',30,157993,0,'Nair'),(1,'Paula',30,157994,0,'Nair'),(1,'Angelina',30,157995,0,'Paula'),(1,'Carlos',30,157996,0,'Paula'),(1,'Catarina',30,157997,0,'Paula'),(1,'Idilio',30,157998,0,'Paula'),(1,'Maria',30,157999,0,'Paula'),(1,'Nair',30,158000,0,'Paula'),(1,'Paula',30,158001,0,'Paula'),(1,'Angelina',31,158002,0,'Angelina'),(1,'Carlos',31,158003,0,'Angelina'),(1,'Catarina',31,158004,0,'Angelina'),(1,'Idilio',31,158005,0,'Angelina'),(1,'Maria',31,158006,0,'Angelina'),(1,'Nair',31,158007,0,'Angelina'),(1,'Paula',31,158008,0,'Angelina'),(1,'Angelina',31,158009,0,'Carlos'),(1,'Carlos',31,158010,0,'Carlos'),(1,'Catarina',31,158011,0,'Carlos'),(1,'Idilio',31,158012,0,'Carlos'),(1,'Maria',31,158013,0,'Carlos'),(1,'Nair',31,158014,0,'Carlos'),(1,'Paula',31,158015,0,'Carlos'),(1,'Angelina',31,158016,0,'Catarina'),(1,'Carlos',31,158017,0,'Catarina'),(1,'Catarina',31,158018,0,'Catarina'),(1,'Idilio',31,158019,0,'Catarina'),(1,'Maria',31,158020,0,'Catarina'),(1,'Nair',31,158021,0,'Catarina'),(1,'Paula',31,158022,0,'Catarina'),(1,'Angelina',31,158023,0,'Idilio'),(1,'Carlos',31,158024,0,'Idilio'),(1,'Catarina',31,158025,0,'Idilio'),(1,'Idilio',31,158026,0,'Idilio'),(1,'Maria',31,158027,0,'Idilio'),(1,'Nair',31,158028,0,'Idilio'),(1,'Paula',31,158029,0,'Idilio'),(1,'Angelina',31,158030,0,'Maria'),(1,'Carlos',31,158031,0,'Maria'),(1,'Catarina',31,158032,0,'Maria'),(1,'Idilio',31,158033,0,'Maria'),(1,'Maria',31,158034,0,'Maria'),(1,'Nair',31,158035,0,'Maria'),(1,'Paula',31,158036,0,'Maria'),(1,'Angelina',31,158037,0,'Nair'),(1,'Carlos',31,158038,0,'Nair'),(1,'Catarina',31,158039,0,'Nair'),(1,'Idilio',31,158040,0,'Nair'),(1,'Maria',31,158041,0,'Nair'),(1,'Nair',31,158042,0,'Nair'),(1,'Paula',31,158043,0,'Nair'),(1,'Angelina',31,158044,0,'Paula'),(1,'Carlos',31,158045,0,'Paula'),(1,'Catarina',31,158046,0,'Paula'),(1,'Idilio',31,158047,0,'Paula'),(1,'Maria',31,158048,0,'Paula'),(1,'Nair',31,158049,0,'Paula'),(1,'Paula',31,158050,0,'Paula'),(1,'Angelina',32,158051,0,'Angelina'),(1,'Carlos',32,158052,0,'Angelina'),(1,'Catarina',32,158053,0,'Angelina'),(1,'Idilio',32,158054,0,'Angelina'),(1,'Maria',32,158055,0,'Angelina'),(1,'Nair',32,158056,0,'Angelina'),(1,'Paula',32,158057,0,'Angelina'),(1,'Angelina',32,158058,0,'Carlos'),(1,'Carlos',32,158059,0,'Carlos'),(1,'Catarina',32,158060,0,'Carlos'),(1,'Idilio',32,158061,0,'Carlos'),(1,'Maria',32,158062,0,'Carlos'),(1,'Nair',32,158063,0,'Carlos'),(1,'Paula',32,158064,0,'Carlos'),(1,'Angelina',32,158065,0,'Catarina'),(1,'Carlos',32,158066,0,'Catarina'),(1,'Catarina',32,158067,0,'Catarina'),(1,'Idilio',32,158068,0,'Catarina'),(1,'Maria',32,158069,0,'Catarina'),(1,'Nair',32,158070,0,'Catarina'),(1,'Paula',32,158071,0,'Catarina'),(1,'Angelina',32,158072,0,'Idilio'),(1,'Carlos',32,158073,0,'Idilio'),(1,'Catarina',32,158074,0,'Idilio'),(1,'Idilio',32,158075,0,'Idilio'),(1,'Maria',32,158076,0,'Idilio'),(1,'Nair',32,158077,0,'Idilio'),(1,'Paula',32,158078,0,'Idilio'),(1,'Angelina',32,158079,0,'Maria'),(1,'Carlos',32,158080,0,'Maria'),(1,'Catarina',32,158081,0,'Maria'),(1,'Idilio',32,158082,0,'Maria'),(1,'Maria',32,158083,0,'Maria'),(1,'Nair',32,158084,0,'Maria'),(1,'Paula',32,158085,0,'Maria'),(1,'Angelina',32,158086,0,'Nair'),(1,'Carlos',32,158087,0,'Nair'),(1,'Catarina',32,158088,0,'Nair'),(1,'Idilio',32,158089,0,'Nair'),(1,'Maria',32,158090,0,'Nair'),(1,'Nair',32,158091,0,'Nair'),(1,'Paula',32,158092,0,'Nair'),(1,'Angelina',32,158093,0,'Paula'),(1,'Carlos',32,158094,0,'Paula'),(1,'Catarina',32,158095,0,'Paula'),(1,'Idilio',32,158096,0,'Paula'),(1,'Maria',32,158097,0,'Paula'),(1,'Nair',32,158098,0,'Paula'),(1,'Paula',32,158099,0,'Paula'),(1,'Angelina',33,158100,0,'Angelina'),(1,'Carlos',33,158101,0,'Angelina'),(1,'Catarina',33,158102,0,'Angelina'),(1,'Idilio',33,158103,0,'Angelina'),(1,'Maria',33,158104,0,'Angelina'),(1,'Nair',33,158105,0,'Angelina'),(1,'Paula',33,158106,0,'Angelina'),(1,'Angelina',33,158107,0,'Carlos'),(1,'Carlos',33,158108,0,'Carlos'),(1,'Catarina',33,158109,0,'Carlos'),(1,'Idilio',33,158110,0,'Carlos'),(1,'Maria',33,158111,0,'Carlos'),(1,'Nair',33,158112,0,'Carlos'),(1,'Paula',33,158113,0,'Carlos'),(1,'Angelina',33,158114,0,'Catarina'),(1,'Carlos',33,158115,0,'Catarina'),(1,'Catarina',33,158116,0,'Catarina'),(1,'Idilio',33,158117,0,'Catarina'),(1,'Maria',33,158118,0,'Catarina'),(1,'Nair',33,158119,0,'Catarina'),(1,'Paula',33,158120,0,'Catarina'),(1,'Angelina',33,158121,0,'Idilio'),(1,'Carlos',33,158122,0,'Idilio'),(1,'Catarina',33,158123,0,'Idilio'),(1,'Idilio',33,158124,0,'Idilio'),(1,'Maria',33,158125,0,'Idilio'),(1,'Nair',33,158126,0,'Idilio'),(1,'Paula',33,158127,0,'Idilio'),(1,'Angelina',33,158128,0,'Maria'),(1,'Carlos',33,158129,0,'Maria'),(1,'Catarina',33,158130,0,'Maria'),(1,'Idilio',33,158131,0,'Maria'),(1,'Maria',33,158132,0,'Maria'),(1,'Nair',33,158133,0,'Maria'),(1,'Paula',33,158134,0,'Maria'),(1,'Angelina',33,158135,0,'Nair'),(1,'Carlos',33,158136,0,'Nair'),(1,'Catarina',33,158137,0,'Nair'),(1,'Idilio',33,158138,0,'Nair'),(1,'Maria',33,158139,0,'Nair'),(1,'Nair',33,158140,0,'Nair'),(1,'Paula',33,158141,0,'Nair'),(1,'Angelina',33,158142,0,'Paula'),(1,'Carlos',33,158143,0,'Paula'),(1,'Catarina',33,158144,0,'Paula'),(1,'Idilio',33,158145,0,'Paula'),(1,'Maria',33,158146,0,'Paula'),(1,'Nair',33,158147,0,'Paula'),(1,'Paula',33,158148,0,'Paula'),(1,'Angelina',35,158149,0,'Angelina'),(1,'Carlos',35,158150,0,'Angelina'),(1,'Catarina',35,158151,0,'Angelina'),(1,'Idilio',35,158152,0,'Angelina'),(1,'Maria',35,158153,0,'Angelina'),(1,'Nair',35,158154,0,'Angelina'),(1,'Paula',35,158155,0,'Angelina'),(1,'Angelina',35,158156,0,'Carlos'),(1,'Carlos',35,158157,0,'Carlos'),(1,'Catarina',35,158158,0,'Carlos'),(1,'Idilio',35,158159,0,'Carlos'),(1,'Maria',35,158160,0,'Carlos'),(1,'Nair',35,158161,0,'Carlos'),(1,'Paula',35,158162,0,'Carlos'),(1,'Angelina',35,158163,0,'Catarina'),(1,'Carlos',35,158164,0,'Catarina'),(1,'Catarina',35,158165,0,'Catarina'),(1,'Idilio',35,158166,0,'Catarina'),(1,'Maria',35,158167,0,'Catarina'),(1,'Nair',35,158168,0,'Catarina'),(1,'Paula',35,158169,0,'Catarina'),(1,'Angelina',35,158170,0,'Idilio'),(1,'Carlos',35,158171,0,'Idilio'),(1,'Catarina',35,158172,0,'Idilio'),(1,'Idilio',35,158173,0,'Idilio'),(1,'Maria',35,158174,0,'Idilio'),(1,'Nair',35,158175,0,'Idilio'),(1,'Paula',35,158176,0,'Idilio'),(1,'Angelina',35,158177,0,'Maria'),(1,'Carlos',35,158178,0,'Maria'),(1,'Catarina',35,158179,0,'Maria'),(1,'Idilio',35,158180,0,'Maria'),(1,'Maria',35,158181,0,'Maria'),(1,'Nair',35,158182,0,'Maria'),(1,'Paula',35,158183,0,'Maria'),(1,'Angelina',35,158184,0,'Nair'),(1,'Carlos',35,158185,0,'Nair'),(1,'Catarina',35,158186,0,'Nair'),(1,'Idilio',35,158187,0,'Nair'),(1,'Maria',35,158188,0,'Nair'),(1,'Nair',35,158189,0,'Nair'),(1,'Paula',35,158190,0,'Nair'),(1,'Angelina',35,158191,0,'Paula'),(1,'Carlos',35,158192,0,'Paula'),(1,'Catarina',35,158193,0,'Paula'),(1,'Idilio',35,158194,0,'Paula'),(1,'Maria',35,158195,0,'Paula'),(1,'Nair',35,158196,0,'Paula'),(1,'Paula',35,158197,0,'Paula'),(1,'Angelina',36,158198,0,'Angelina'),(1,'Carlos',36,158199,0,'Angelina'),(1,'Catarina',36,158200,0,'Angelina'),(1,'Idilio',36,158201,0,'Angelina'),(1,'Maria',36,158202,0,'Angelina'),(1,'Nair',36,158203,0,'Angelina'),(1,'Paula',36,158204,0,'Angelina'),(1,'Angelina',36,158205,0,'Carlos'),(1,'Carlos',36,158206,0,'Carlos'),(1,'Catarina',36,158207,0,'Carlos'),(1,'Idilio',36,158208,0,'Carlos'),(1,'Maria',36,158209,0,'Carlos'),(1,'Nair',36,158210,0,'Carlos'),(1,'Paula',36,158211,0,'Carlos'),(1,'Angelina',36,158212,0,'Catarina'),(1,'Carlos',36,158213,0,'Catarina'),(1,'Catarina',36,158214,0,'Catarina'),(1,'Idilio',36,158215,0,'Catarina'),(1,'Maria',36,158216,0,'Catarina'),(1,'Nair',36,158217,0,'Catarina'),(1,'Paula',36,158218,0,'Catarina'),(1,'Angelina',36,158219,0,'Idilio'),(1,'Carlos',36,158220,0,'Idilio'),(1,'Catarina',36,158221,0,'Idilio'),(1,'Idilio',36,158222,0,'Idilio'),(1,'Maria',36,158223,0,'Idilio'),(1,'Nair',36,158224,0,'Idilio'),(1,'Paula',36,158225,0,'Idilio'),(1,'Angelina',36,158226,0,'Maria'),(1,'Carlos',36,158227,0,'Maria'),(1,'Catarina',36,158228,0,'Maria'),(1,'Idilio',36,158229,0,'Maria'),(1,'Maria',36,158230,0,'Maria'),(1,'Nair',36,158231,0,'Maria'),(1,'Paula',36,158232,0,'Maria'),(1,'Angelina',36,158233,0,'Nair'),(1,'Carlos',36,158234,0,'Nair'),(1,'Catarina',36,158235,0,'Nair'),(1,'Idilio',36,158236,0,'Nair'),(1,'Maria',36,158237,0,'Nair'),(1,'Nair',36,158238,0,'Nair'),(1,'Paula',36,158239,0,'Nair'),(1,'Angelina',36,158240,0,'Paula'),(1,'Carlos',36,158241,0,'Paula'),(1,'Catarina',36,158242,0,'Paula'),(1,'Idilio',36,158243,0,'Paula'),(1,'Maria',36,158244,0,'Paula'),(1,'Nair',36,158245,0,'Paula'),(1,'Paula',36,158246,0,'Paula'),(1,'Angelina',37,158247,0,'Angelina'),(1,'Carlos',37,158248,0,'Angelina'),(1,'Catarina',37,158249,0,'Angelina'),(1,'Idilio',37,158250,0,'Angelina'),(1,'Maria',37,158251,0,'Angelina'),(1,'Nair',37,158252,0,'Angelina'),(1,'Paula',37,158253,0,'Angelina'),(1,'Angelina',37,158254,0,'Carlos'),(1,'Carlos',37,158255,0,'Carlos'),(1,'Catarina',37,158256,0,'Carlos'),(1,'Idilio',37,158257,0,'Carlos'),(1,'Maria',37,158258,0,'Carlos'),(1,'Nair',37,158259,0,'Carlos'),(1,'Paula',37,158260,0,'Carlos'),(1,'Angelina',37,158261,0,'Catarina'),(1,'Carlos',37,158262,0,'Catarina'),(1,'Catarina',37,158263,0,'Catarina'),(1,'Idilio',37,158264,0,'Catarina'),(1,'Maria',37,158265,0,'Catarina'),(1,'Nair',37,158266,0,'Catarina'),(1,'Paula',37,158267,0,'Catarina'),(1,'Angelina',37,158268,0,'Idilio'),(1,'Carlos',37,158269,0,'Idilio'),(1,'Catarina',37,158270,0,'Idilio'),(1,'Idilio',37,158271,0,'Idilio'),(1,'Maria',37,158272,0,'Idilio'),(1,'Nair',37,158273,0,'Idilio'),(1,'Paula',37,158274,0,'Idilio'),(1,'Angelina',37,158275,0,'Maria'),(1,'Carlos',37,158276,0,'Maria'),(1,'Catarina',37,158277,0,'Maria'),(1,'Idilio',37,158278,0,'Maria'),(1,'Maria',37,158279,0,'Maria'),(1,'Nair',37,158280,0,'Maria'),(1,'Paula',37,158281,0,'Maria'),(1,'Angelina',37,158282,0,'Nair'),(1,'Carlos',37,158283,0,'Nair'),(1,'Catarina',37,158284,0,'Nair'),(1,'Idilio',37,158285,0,'Nair'),(1,'Maria',37,158286,0,'Nair'),(1,'Nair',37,158287,0,'Nair'),(1,'Paula',37,158288,0,'Nair'),(1,'Angelina',37,158289,0,'Paula'),(1,'Carlos',37,158290,0,'Paula'),(1,'Catarina',37,158291,0,'Paula'),(1,'Idilio',37,158292,0,'Paula'),(1,'Maria',37,158293,0,'Paula'),(1,'Nair',37,158294,0,'Paula'),(1,'Paula',37,158295,0,'Paula'),(1,'Angelina',38,158296,0,'Angelina'),(1,'Carlos',38,158297,0,'Angelina'),(1,'Catarina',38,158298,0,'Angelina'),(1,'Idilio',38,158299,0,'Angelina'),(1,'Maria',38,158300,0,'Angelina'),(1,'Nair',38,158301,0,'Angelina'),(1,'Paula',38,158302,0,'Angelina'),(1,'Angelina',38,158303,0,'Carlos'),(1,'Carlos',38,158304,0,'Carlos'),(1,'Catarina',38,158305,0,'Carlos'),(1,'Idilio',38,158306,0,'Carlos'),(1,'Maria',38,158307,0,'Carlos'),(1,'Nair',38,158308,0,'Carlos'),(1,'Paula',38,158309,0,'Carlos'),(1,'Angelina',38,158310,0,'Catarina'),(1,'Carlos',38,158311,0,'Catarina'),(1,'Catarina',38,158312,0,'Catarina'),(1,'Idilio',38,158313,0,'Catarina'),(1,'Maria',38,158314,0,'Catarina'),(1,'Nair',38,158315,0,'Catarina'),(1,'Paula',38,158316,0,'Catarina'),(1,'Angelina',38,158317,0,'Idilio'),(1,'Carlos',38,158318,0,'Idilio'),(1,'Catarina',38,158319,0,'Idilio'),(1,'Idilio',38,158320,0,'Idilio'),(1,'Maria',38,158321,0,'Idilio'),(1,'Nair',38,158322,0,'Idilio'),(1,'Paula',38,158323,0,'Idilio'),(1,'Angelina',38,158324,0,'Maria'),(1,'Carlos',38,158325,0,'Maria'),(1,'Catarina',38,158326,0,'Maria'),(1,'Idilio',38,158327,0,'Maria'),(1,'Maria',38,158328,0,'Maria'),(1,'Nair',38,158329,0,'Maria'),(1,'Paula',38,158330,0,'Maria'),(1,'Angelina',38,158331,0,'Nair'),(1,'Carlos',38,158332,0,'Nair'),(1,'Catarina',38,158333,0,'Nair'),(1,'Idilio',38,158334,0,'Nair'),(1,'Maria',38,158335,0,'Nair'),(1,'Nair',38,158336,0,'Nair'),(1,'Paula',38,158337,0,'Nair'),(1,'Angelina',38,158338,0,'Paula'),(1,'Carlos',38,158339,0,'Paula'),(1,'Catarina',38,158340,0,'Paula'),(1,'Idilio',38,158341,0,'Paula'),(1,'Maria',38,158342,0,'Paula'),(1,'Nair',38,158343,0,'Paula'),(1,'Paula',38,158344,0,'Paula'),(1,'Angelina',39,158345,0,'Angelina'),(1,'Carlos',39,158346,0,'Angelina'),(1,'Catarina',39,158347,0,'Angelina'),(1,'Idilio',39,158348,0,'Angelina'),(1,'Maria',39,158349,0,'Angelina'),(1,'Nair',39,158350,0,'Angelina'),(1,'Paula',39,158351,0,'Angelina'),(1,'Angelina',39,158352,0,'Carlos'),(1,'Carlos',39,158353,0,'Carlos'),(1,'Catarina',39,158354,0,'Carlos'),(1,'Idilio',39,158355,0,'Carlos'),(1,'Maria',39,158356,0,'Carlos'),(1,'Nair',39,158357,0,'Carlos'),(1,'Paula',39,158358,0,'Carlos'),(1,'Angelina',39,158359,0,'Catarina'),(1,'Carlos',39,158360,0,'Catarina'),(1,'Catarina',39,158361,0,'Catarina'),(1,'Idilio',39,158362,0,'Catarina'),(1,'Maria',39,158363,0,'Catarina'),(1,'Nair',39,158364,0,'Catarina'),(1,'Paula',39,158365,0,'Catarina'),(1,'Angelina',39,158366,0,'Idilio'),(1,'Carlos',39,158367,0,'Idilio'),(1,'Catarina',39,158368,0,'Idilio'),(1,'Idilio',39,158369,0,'Idilio'),(1,'Maria',39,158370,0,'Idilio'),(1,'Nair',39,158371,0,'Idilio'),(1,'Paula',39,158372,0,'Idilio'),(1,'Angelina',39,158373,0,'Maria'),(1,'Carlos',39,158374,0,'Maria'),(1,'Catarina',39,158375,0,'Maria'),(1,'Idilio',39,158376,0,'Maria'),(1,'Maria',39,158377,0,'Maria'),(1,'Nair',39,158378,0,'Maria'),(1,'Paula',39,158379,0,'Maria'),(1,'Angelina',39,158380,0,'Nair'),(1,'Carlos',39,158381,0,'Nair'),(1,'Catarina',39,158382,0,'Nair'),(1,'Idilio',39,158383,0,'Nair'),(1,'Maria',39,158384,0,'Nair'),(1,'Nair',39,158385,0,'Nair'),(1,'Paula',39,158386,0,'Nair'),(1,'Angelina',39,158387,0,'Paula'),(1,'Carlos',39,158388,0,'Paula'),(1,'Catarina',39,158389,0,'Paula'),(1,'Idilio',39,158390,0,'Paula'),(1,'Maria',39,158391,0,'Paula'),(1,'Nair',39,158392,0,'Paula'),(1,'Paula',39,158393,0,'Paula'),(1,'Angelina',40,158394,0,'Angelina'),(1,'Carlos',40,158395,0,'Angelina'),(1,'Catarina',40,158396,0,'Angelina'),(1,'Idilio',40,158397,0,'Angelina'),(1,'Maria',40,158398,0,'Angelina'),(1,'Nair',40,158399,0,'Angelina'),(1,'Paula',40,158400,0,'Angelina'),(1,'Angelina',40,158401,0,'Carlos'),(1,'Carlos',40,158402,0,'Carlos'),(1,'Catarina',40,158403,0,'Carlos'),(1,'Idilio',40,158404,0,'Carlos'),(1,'Maria',40,158405,0,'Carlos'),(1,'Nair',40,158406,0,'Carlos'),(1,'Paula',40,158407,0,'Carlos'),(1,'Angelina',40,158408,0,'Catarina'),(1,'Carlos',40,158409,0,'Catarina'),(1,'Catarina',40,158410,0,'Catarina'),(1,'Idilio',40,158411,0,'Catarina'),(1,'Maria',40,158412,0,'Catarina'),(1,'Nair',40,158413,0,'Catarina'),(1,'Paula',40,158414,0,'Catarina'),(1,'Angelina',40,158415,0,'Idilio'),(1,'Carlos',40,158416,0,'Idilio'),(1,'Catarina',40,158417,0,'Idilio'),(1,'Idilio',40,158418,0,'Idilio'),(1,'Maria',40,158419,0,'Idilio'),(1,'Nair',40,158420,0,'Idilio'),(1,'Paula',40,158421,0,'Idilio'),(1,'Angelina',40,158422,0,'Maria'),(1,'Carlos',40,158423,0,'Maria'),(1,'Catarina',40,158424,0,'Maria'),(1,'Idilio',40,158425,0,'Maria'),(1,'Maria',40,158426,0,'Maria'),(1,'Nair',40,158427,0,'Maria'),(1,'Paula',40,158428,0,'Maria'),(1,'Angelina',40,158429,0,'Nair'),(1,'Carlos',40,158430,0,'Nair'),(1,'Catarina',40,158431,0,'Nair'),(1,'Idilio',40,158432,0,'Nair'),(1,'Maria',40,158433,0,'Nair'),(1,'Nair',40,158434,0,'Nair'),(1,'Paula',40,158435,0,'Nair'),(1,'Angelina',40,158436,0,'Paula'),(1,'Carlos',40,158437,0,'Paula'),(1,'Catarina',40,158438,0,'Paula'),(1,'Idilio',40,158439,0,'Paula'),(1,'Maria',40,158440,0,'Paula'),(1,'Nair',40,158441,0,'Paula'),(1,'Paula',40,158442,0,'Paula'),(1,'Angelina',41,158443,0,'Angelina'),(1,'Carlos',41,158444,0,'Angelina'),(1,'Catarina',41,158445,0,'Angelina'),(1,'Idilio',41,158446,0,'Angelina'),(1,'Maria',41,158447,0,'Angelina'),(1,'Nair',41,158448,0,'Angelina'),(1,'Paula',41,158449,0,'Angelina'),(1,'Angelina',41,158450,0,'Carlos'),(1,'Carlos',41,158451,0,'Carlos'),(1,'Catarina',41,158452,0,'Carlos'),(1,'Idilio',41,158453,0,'Carlos'),(1,'Maria',41,158454,0,'Carlos'),(1,'Nair',41,158455,0,'Carlos'),(1,'Paula',41,158456,0,'Carlos'),(1,'Angelina',41,158457,0,'Catarina'),(1,'Carlos',41,158458,0,'Catarina'),(1,'Catarina',41,158459,0,'Catarina'),(1,'Idilio',41,158460,0,'Catarina'),(1,'Maria',41,158461,0,'Catarina'),(1,'Nair',41,158462,0,'Catarina'),(1,'Paula',41,158463,0,'Catarina'),(1,'Angelina',41,158464,0,'Idilio'),(1,'Carlos',41,158465,0,'Idilio'),(1,'Catarina',41,158466,0,'Idilio'),(1,'Idilio',41,158467,0,'Idilio'),(1,'Maria',41,158468,0,'Idilio'),(1,'Nair',41,158469,0,'Idilio'),(1,'Paula',41,158470,0,'Idilio'),(1,'Angelina',41,158471,0,'Maria'),(1,'Carlos',41,158472,0,'Maria'),(1,'Catarina',41,158473,0,'Maria'),(1,'Idilio',41,158474,0,'Maria'),(1,'Maria',41,158475,0,'Maria'),(1,'Nair',41,158476,0,'Maria'),(1,'Paula',41,158477,0,'Maria'),(1,'Angelina',41,158478,0,'Nair'),(1,'Carlos',41,158479,0,'Nair'),(1,'Catarina',41,158480,0,'Nair'),(1,'Idilio',41,158481,0,'Nair'),(1,'Maria',41,158482,0,'Nair'),(1,'Nair',41,158483,0,'Nair'),(1,'Paula',41,158484,0,'Nair'),(1,'Angelina',41,158485,0,'Paula'),(1,'Carlos',41,158486,0,'Paula'),(1,'Catarina',41,158487,0,'Paula'),(1,'Idilio',41,158488,0,'Paula'),(1,'Maria',41,158489,0,'Paula'),(1,'Nair',41,158490,0,'Paula'),(1,'Paula',41,158491,0,'Paula'),(1,'Angelina',42,158492,0,'Angelina'),(1,'Carlos',42,158493,0,'Angelina'),(1,'Catarina',42,158494,0,'Angelina'),(1,'Idilio',42,158495,0,'Angelina'),(1,'Maria',42,158496,0,'Angelina'),(1,'Nair',42,158497,0,'Angelina'),(1,'Paula',42,158498,0,'Angelina'),(1,'Angelina',42,158499,0,'Carlos'),(1,'Carlos',42,158500,0,'Carlos'),(1,'Catarina',42,158501,0,'Carlos'),(1,'Idilio',42,158502,0,'Carlos'),(1,'Maria',42,158503,0,'Carlos'),(1,'Nair',42,158504,0,'Carlos'),(1,'Paula',42,158505,0,'Carlos'),(1,'Angelina',42,158506,0,'Catarina'),(1,'Carlos',42,158507,0,'Catarina'),(1,'Catarina',42,158508,0,'Catarina'),(1,'Idilio',42,158509,0,'Catarina'),(1,'Maria',42,158510,0,'Catarina'),(1,'Nair',42,158511,0,'Catarina'),(1,'Paula',42,158512,0,'Catarina'),(1,'Angelina',42,158513,0,'Idilio'),(1,'Carlos',42,158514,0,'Idilio'),(1,'Catarina',42,158515,0,'Idilio'),(1,'Idilio',42,158516,0,'Idilio'),(1,'Maria',42,158517,0,'Idilio'),(1,'Nair',42,158518,0,'Idilio'),(1,'Paula',42,158519,0,'Idilio'),(1,'Angelina',42,158520,0,'Maria'),(1,'Carlos',42,158521,0,'Maria'),(1,'Catarina',42,158522,0,'Maria'),(1,'Idilio',42,158523,0,'Maria'),(1,'Maria',42,158524,0,'Maria'),(1,'Nair',42,158525,0,'Maria'),(1,'Paula',42,158526,0,'Maria'),(1,'Angelina',42,158527,0,'Nair'),(1,'Carlos',42,158528,0,'Nair'),(1,'Catarina',42,158529,0,'Nair'),(1,'Idilio',42,158530,0,'Nair'),(1,'Maria',42,158531,0,'Nair'),(1,'Nair',42,158532,0,'Nair'),(1,'Paula',42,158533,0,'Nair'),(1,'Angelina',42,158534,0,'Paula'),(1,'Carlos',42,158535,0,'Paula'),(1,'Catarina',42,158536,0,'Paula'),(1,'Idilio',42,158537,0,'Paula'),(1,'Maria',42,158538,0,'Paula'),(1,'Nair',42,158539,0,'Paula'),(1,'Paula',42,158540,0,'Paula'),(1,'Angelina',43,158541,0,'Angelina'),(1,'Carlos',43,158542,0,'Angelina'),(1,'Catarina',43,158543,0,'Angelina'),(1,'Idilio',43,158544,0,'Angelina'),(1,'Maria',43,158545,0,'Angelina'),(1,'Nair',43,158546,0,'Angelina'),(1,'Paula',43,158547,0,'Angelina'),(1,'Angelina',43,158548,0,'Carlos'),(1,'Carlos',43,158549,0,'Carlos'),(1,'Catarina',43,158550,0,'Carlos'),(1,'Idilio',43,158551,0,'Carlos'),(1,'Maria',43,158552,0,'Carlos'),(1,'Nair',43,158553,0,'Carlos'),(1,'Paula',43,158554,0,'Carlos'),(1,'Angelina',43,158555,0,'Catarina'),(1,'Carlos',43,158556,0,'Catarina'),(1,'Catarina',43,158557,0,'Catarina'),(1,'Idilio',43,158558,0,'Catarina'),(1,'Maria',43,158559,0,'Catarina'),(1,'Nair',43,158560,0,'Catarina'),(1,'Paula',43,158561,0,'Catarina'),(1,'Angelina',43,158562,0,'Idilio'),(1,'Carlos',43,158563,0,'Idilio'),(1,'Catarina',43,158564,0,'Idilio'),(1,'Idilio',43,158565,0,'Idilio'),(1,'Maria',43,158566,0,'Idilio'),(1,'Nair',43,158567,0,'Idilio'),(1,'Paula',43,158568,0,'Idilio'),(1,'Angelina',43,158569,0,'Maria'),(1,'Carlos',43,158570,0,'Maria'),(1,'Catarina',43,158571,0,'Maria'),(1,'Idilio',43,158572,0,'Maria'),(1,'Maria',43,158573,0,'Maria'),(1,'Nair',43,158574,0,'Maria'),(1,'Paula',43,158575,0,'Maria'),(1,'Angelina',43,158576,0,'Nair'),(1,'Carlos',43,158577,0,'Nair'),(1,'Catarina',43,158578,0,'Nair'),(1,'Idilio',43,158579,0,'Nair'),(1,'Maria',43,158580,0,'Nair'),(1,'Nair',43,158581,0,'Nair'),(1,'Paula',43,158582,0,'Nair'),(1,'Angelina',43,158583,0,'Paula'),(1,'Carlos',43,158584,0,'Paula'),(1,'Catarina',43,158585,0,'Paula'),(1,'Idilio',43,158586,0,'Paula'),(1,'Maria',43,158587,0,'Paula'),(1,'Nair',43,158588,0,'Paula'),(1,'Paula',43,158589,0,'Paula'),(1,'Angelina',44,158590,0,'Angelina'),(1,'Carlos',44,158591,0,'Angelina'),(1,'Catarina',44,158592,0,'Angelina'),(1,'Idilio',44,158593,0,'Angelina'),(1,'Maria',44,158594,0,'Angelina'),(1,'Nair',44,158595,0,'Angelina'),(1,'Paula',44,158596,0,'Angelina'),(1,'Angelina',44,158597,0,'Carlos'),(1,'Carlos',44,158598,0,'Carlos'),(1,'Catarina',44,158599,0,'Carlos'),(1,'Idilio',44,158600,0,'Carlos'),(1,'Maria',44,158601,0,'Carlos'),(1,'Nair',44,158602,0,'Carlos'),(1,'Paula',44,158603,0,'Carlos'),(1,'Angelina',44,158604,0,'Catarina'),(1,'Carlos',44,158605,0,'Catarina'),(1,'Catarina',44,158606,0,'Catarina'),(1,'Idilio',44,158607,0,'Catarina'),(1,'Maria',44,158608,0,'Catarina'),(1,'Nair',44,158609,0,'Catarina'),(1,'Paula',44,158610,0,'Catarina'),(1,'Angelina',44,158611,0,'Idilio'),(1,'Carlos',44,158612,0,'Idilio'),(1,'Catarina',44,158613,0,'Idilio'),(1,'Idilio',44,158614,0,'Idilio'),(1,'Maria',44,158615,0,'Idilio'),(1,'Nair',44,158616,0,'Idilio'),(1,'Paula',44,158617,0,'Idilio'),(1,'Angelina',44,158618,0,'Maria'),(1,'Carlos',44,158619,0,'Maria'),(1,'Catarina',44,158620,0,'Maria'),(1,'Idilio',44,158621,0,'Maria'),(1,'Maria',44,158622,0,'Maria'),(1,'Nair',44,158623,0,'Maria'),(1,'Paula',44,158624,0,'Maria'),(1,'Angelina',44,158625,0,'Nair'),(1,'Carlos',44,158626,0,'Nair'),(1,'Catarina',44,158627,0,'Nair'),(1,'Idilio',44,158628,0,'Nair'),(1,'Maria',44,158629,0,'Nair'),(1,'Nair',44,158630,0,'Nair'),(1,'Paula',44,158631,0,'Nair'),(1,'Angelina',44,158632,0,'Paula'),(1,'Carlos',44,158633,0,'Paula'),(1,'Catarina',44,158634,0,'Paula'),(1,'Idilio',44,158635,0,'Paula'),(1,'Maria',44,158636,0,'Paula'),(1,'Nair',44,158637,0,'Paula'),(1,'Paula',44,158638,0,'Paula'),(1,'Diego',2,160676,0,'Diego'),(1,'Maciel',2,160677,0,'Diego'),(1,'Diego',2,160678,0,'Maciel'),(1,'Maciel',2,160679,0,'Maciel'),(1,'Diego',3,160680,0,'Diego'),(1,'Maciel',3,160681,0,'Diego'),(1,'Diego',3,160682,0,'Maciel'),(1,'Maciel',3,160683,0,'Maciel'),(1,'Diego',4,160684,0,'Diego'),(1,'Maciel',4,160685,0,'Diego'),(1,'Diego',4,160686,0,'Maciel'),(1,'Maciel',4,160687,0,'Maciel'),(1,'Diego',5,160688,0,'Diego'),(1,'Maciel',5,160689,0,'Diego'),(1,'Diego',5,160690,0,'Maciel'),(1,'Maciel',5,160691,0,'Maciel'),(1,'Diego',6,160692,0,'Diego'),(1,'Maciel',6,160693,0,'Diego'),(1,'Diego',6,160694,0,'Maciel'),(1,'Maciel',6,160695,0,'Maciel'),(1,'Diego',7,160696,0,'Diego'),(1,'Maciel',7,160697,0,'Diego'),(1,'Diego',7,160698,0,'Maciel'),(1,'Maciel',7,160699,0,'Maciel'),(1,'Diego',8,160700,0,'Diego'),(1,'Maciel',8,160701,0,'Diego'),(1,'Diego',8,160702,0,'Maciel'),(1,'Maciel',8,160703,0,'Maciel'),(1,'Diego',9,160704,0,'Diego'),(1,'Maciel',9,160705,0,'Diego'),(1,'Diego',9,160706,0,'Maciel'),(1,'Maciel',9,160707,0,'Maciel'),(1,'Diego',10,160708,0,'Diego'),(1,'Maciel',10,160709,0,'Diego'),(1,'Diego',10,160710,0,'Maciel'),(1,'Maciel',10,160711,0,'Maciel'),(1,'Diego',11,160712,0,'Diego'),(1,'Maciel',11,160713,0,'Diego'),(1,'Diego',11,160714,0,'Maciel'),(1,'Maciel',11,160715,0,'Maciel'),(1,'Diego',12,160716,0,'Diego'),(1,'Maciel',12,160717,0,'Diego'),(1,'Diego',12,160718,0,'Maciel'),(1,'Maciel',12,160719,0,'Maciel'),(1,'Diego',13,160720,0,'Diego'),(1,'Maciel',13,160721,0,'Diego'),(1,'Diego',13,160722,0,'Maciel'),(1,'Maciel',13,160723,0,'Maciel'),(1,'Diego',14,160724,0,'Diego'),(1,'Maciel',14,160725,0,'Diego'),(1,'Diego',14,160726,0,'Maciel'),(1,'Maciel',14,160727,0,'Maciel'),(1,'Diego',15,160728,0,'Diego'),(1,'Maciel',15,160729,0,'Diego'),(1,'Diego',15,160730,0,'Maciel'),(1,'Maciel',15,160731,0,'Maciel'),(1,'Diego',16,160732,0,'Diego'),(1,'Maciel',16,160733,0,'Diego'),(1,'Diego',16,160734,0,'Maciel'),(1,'Maciel',16,160735,0,'Maciel'),(1,'Diego',17,160736,0,'Diego'),(1,'Maciel',17,160737,0,'Diego'),(1,'Diego',17,160738,0,'Maciel'),(1,'Maciel',17,160739,0,'Maciel'),(1,'Diego',18,160740,0,'Diego'),(1,'Maciel',18,160741,0,'Diego'),(1,'Diego',18,160742,0,'Maciel'),(1,'Maciel',18,160743,0,'Maciel'),(1,'Diego',19,160744,0,'Diego'),(1,'Maciel',19,160745,0,'Diego'),(1,'Diego',19,160746,0,'Maciel'),(1,'Maciel',19,160747,0,'Maciel'),(1,'Diego',20,160748,0,'Diego'),(1,'Maciel',20,160749,0,'Diego'),(1,'Diego',20,160750,0,'Maciel'),(1,'Maciel',20,160751,0,'Maciel'),(1,'Diego',21,160752,0,'Diego'),(1,'Maciel',21,160753,0,'Diego'),(1,'Diego',21,160754,0,'Maciel'),(1,'Maciel',21,160755,0,'Maciel'),(1,'Diego',22,160756,0,'Diego'),(1,'Maciel',22,160757,0,'Diego'),(1,'Diego',22,160758,0,'Maciel'),(1,'Maciel',22,160759,0,'Maciel'),(1,'Diego',23,160760,0,'Diego'),(1,'Maciel',23,160761,0,'Diego'),(1,'Diego',23,160762,0,'Maciel'),(1,'Maciel',23,160763,0,'Maciel'),(1,'Diego',24,160764,0,'Diego'),(1,'Maciel',24,160765,0,'Diego'),(1,'Diego',24,160766,0,'Maciel'),(1,'Maciel',24,160767,0,'Maciel'),(1,'Diego',25,160768,0,'Diego'),(1,'Maciel',25,160769,0,'Diego'),(1,'Diego',25,160770,0,'Maciel'),(1,'Maciel',25,160771,0,'Maciel'),(1,'Diego',26,160772,0,'Diego'),(1,'Maciel',26,160773,0,'Diego'),(1,'Diego',26,160774,0,'Maciel'),(1,'Maciel',26,160775,0,'Maciel'),(1,'Diego',27,160776,0,'Diego'),(1,'Maciel',27,160777,0,'Diego'),(1,'Diego',27,160778,0,'Maciel'),(1,'Maciel',27,160779,0,'Maciel'),(1,'Diego',28,160780,0,'Diego'),(1,'Maciel',28,160781,0,'Diego'),(1,'Diego',28,160782,0,'Maciel'),(1,'Maciel',28,160783,0,'Maciel'),(1,'Diego',29,160784,0,'Diego'),(1,'Maciel',29,160785,0,'Diego'),(1,'Diego',29,160786,0,'Maciel'),(1,'Maciel',29,160787,0,'Maciel'),(1,'Diego',30,160788,0,'Diego'),(1,'Maciel',30,160789,0,'Diego'),(1,'Diego',30,160790,0,'Maciel'),(1,'Maciel',30,160791,0,'Maciel'),(1,'Diego',31,160792,0,'Diego'),(1,'Maciel',31,160793,0,'Diego'),(1,'Diego',31,160794,0,'Maciel'),(1,'Maciel',31,160795,0,'Maciel'),(1,'Diego',32,160796,0,'Diego'),(1,'Maciel',32,160797,0,'Diego'),(1,'Diego',32,160798,0,'Maciel'),(1,'Maciel',32,160799,0,'Maciel'),(1,'Diego',33,160800,0,'Diego'),(1,'Maciel',33,160801,0,'Diego'),(1,'Diego',33,160802,0,'Maciel'),(1,'Maciel',33,160803,0,'Maciel'),(1,'Diego',35,160804,0,'Diego'),(1,'Maciel',35,160805,0,'Diego'),(1,'Diego',35,160806,0,'Maciel'),(1,'Maciel',35,160807,0,'Maciel'),(1,'Diego',36,160808,0,'Diego'),(1,'Maciel',36,160809,0,'Diego'),(1,'Diego',36,160810,0,'Maciel'),(1,'Maciel',36,160811,0,'Maciel'),(1,'Diego',37,160812,0,'Diego'),(1,'Maciel',37,160813,0,'Diego'),(1,'Diego',37,160814,0,'Maciel'),(1,'Maciel',37,160815,0,'Maciel'),(1,'Diego',38,160816,0,'Diego'),(1,'Maciel',38,160817,0,'Diego'),(1,'Diego',38,160818,0,'Maciel'),(1,'Maciel',38,160819,0,'Maciel'),(1,'Diego',39,160820,0,'Diego'),(1,'Maciel',39,160821,0,'Diego'),(1,'Diego',39,160822,0,'Maciel'),(1,'Maciel',39,160823,0,'Maciel'),(1,'Diego',40,160824,0,'Diego'),(1,'Maciel',40,160825,0,'Diego'),(1,'Diego',40,160826,0,'Maciel'),(1,'Maciel',40,160827,0,'Maciel'),(1,'Diego',41,160828,0,'Diego'),(1,'Maciel',41,160829,0,'Diego'),(1,'Diego',41,160830,0,'Maciel'),(1,'Maciel',41,160831,0,'Maciel'),(1,'Diego',42,160832,0,'Diego'),(1,'Maciel',42,160833,0,'Diego'),(1,'Diego',42,160834,0,'Maciel'),(1,'Maciel',42,160835,0,'Maciel'),(1,'Diego',43,160836,0,'Diego'),(1,'Maciel',43,160837,0,'Diego'),(1,'Diego',43,160838,0,'Maciel'),(1,'Maciel',43,160839,0,'Maciel'),(1,'Diego',44,160840,0,'Diego'),(1,'Maciel',44,160841,0,'Diego'),(1,'Diego',44,160842,0,'Maciel'),(1,'Maciel',44,160843,0,'Maciel'),(1,'Cristiano',2,160931,0,'Cristiano'),(1,'Mauro',2,160932,0,'Cristiano'),(1,'Cristiano',2,160933,0,'Mauro'),(1,'Mauro',2,160934,0,'Mauro'),(1,'Cristiano',3,160935,0,'Cristiano'),(1,'Mauro',3,160936,0,'Cristiano'),(1,'Cristiano',3,160937,0,'Mauro'),(1,'Mauro',3,160938,0,'Mauro'),(1,'Cristiano',4,160939,0,'Cristiano'),(1,'Mauro',4,160940,0,'Cristiano'),(1,'Cristiano',4,160941,0,'Mauro'),(1,'Mauro',4,160942,0,'Mauro'),(1,'Cristiano',5,160943,0,'Cristiano'),(1,'Mauro',5,160944,0,'Cristiano'),(1,'Cristiano',5,160945,0,'Mauro'),(1,'Mauro',5,160946,0,'Mauro'),(1,'Cristiano',6,160947,0,'Cristiano'),(1,'Mauro',6,160948,0,'Cristiano'),(1,'Cristiano',6,160949,0,'Mauro'),(1,'Mauro',6,160950,0,'Mauro'),(1,'Cristiano',7,160951,0,'Cristiano'),(1,'Mauro',7,160952,0,'Cristiano'),(1,'Cristiano',7,160953,0,'Mauro'),(1,'Mauro',7,160954,0,'Mauro'),(1,'Cristiano',8,160955,0,'Cristiano'),(1,'Mauro',8,160956,0,'Cristiano'),(1,'Cristiano',8,160957,0,'Mauro'),(1,'Mauro',8,160958,0,'Mauro'),(1,'Cristiano',9,160959,0,'Cristiano'),(1,'Mauro',9,160960,0,'Cristiano'),(1,'Cristiano',9,160961,0,'Mauro'),(1,'Mauro',9,160962,0,'Mauro'),(1,'Cristiano',10,160963,0,'Cristiano'),(1,'Mauro',10,160964,0,'Cristiano'),(1,'Cristiano',10,160965,0,'Mauro'),(1,'Mauro',10,160966,0,'Mauro'),(1,'Cristiano',11,160967,0,'Cristiano'),(1,'Mauro',11,160968,0,'Cristiano'),(1,'Cristiano',11,160969,0,'Mauro'),(1,'Mauro',11,160970,0,'Mauro'),(1,'Cristiano',12,160971,0,'Cristiano'),(1,'Mauro',12,160972,0,'Cristiano'),(1,'Cristiano',12,160973,0,'Mauro'),(1,'Mauro',12,160974,0,'Mauro'),(1,'Cristiano',13,160975,0,'Cristiano'),(1,'Mauro',13,160976,0,'Cristiano'),(1,'Cristiano',13,160977,0,'Mauro'),(1,'Mauro',13,160978,0,'Mauro'),(1,'Cristiano',14,160979,0,'Cristiano'),(1,'Mauro',14,160980,0,'Cristiano'),(1,'Cristiano',14,160981,0,'Mauro'),(1,'Mauro',14,160982,0,'Mauro'),(1,'Cristiano',15,160983,0,'Cristiano'),(1,'Mauro',15,160984,0,'Cristiano'),(1,'Cristiano',15,160985,0,'Mauro'),(1,'Mauro',15,160986,0,'Mauro'),(1,'Cristiano',16,160987,0,'Cristiano'),(1,'Mauro',16,160988,0,'Cristiano'),(1,'Cristiano',16,160989,0,'Mauro'),(1,'Mauro',16,160990,0,'Mauro'),(1,'Cristiano',17,160991,0,'Cristiano'),(1,'Mauro',17,160992,0,'Cristiano'),(1,'Cristiano',17,160993,0,'Mauro'),(1,'Mauro',17,160994,0,'Mauro'),(1,'Cristiano',18,160995,0,'Cristiano'),(1,'Mauro',18,160996,0,'Cristiano'),(1,'Cristiano',18,160997,0,'Mauro'),(1,'Mauro',18,160998,0,'Mauro'),(1,'Cristiano',19,160999,0,'Cristiano'),(1,'Mauro',19,161000,0,'Cristiano'),(1,'Cristiano',19,161001,0,'Mauro'),(1,'Mauro',19,161002,0,'Mauro'),(1,'Cristiano',20,161003,0,'Cristiano'),(1,'Mauro',20,161004,0,'Cristiano'),(1,'Cristiano',20,161005,0,'Mauro'),(1,'Mauro',20,161006,0,'Mauro'),(1,'Cristiano',21,161007,0,'Cristiano'),(1,'Mauro',21,161008,0,'Cristiano'),(1,'Cristiano',21,161009,0,'Mauro'),(1,'Mauro',21,161010,0,'Mauro'),(1,'Cristiano',22,161011,0,'Cristiano'),(1,'Mauro',22,161012,0,'Cristiano'),(1,'Cristiano',22,161013,0,'Mauro'),(1,'Mauro',22,161014,0,'Mauro'),(1,'Cristiano',23,161015,0,'Cristiano'),(1,'Mauro',23,161016,0,'Cristiano'),(1,'Cristiano',23,161017,0,'Mauro'),(1,'Mauro',23,161018,0,'Mauro'),(1,'Cristiano',24,161019,0,'Cristiano'),(1,'Mauro',24,161020,0,'Cristiano'),(1,'Cristiano',24,161021,0,'Mauro'),(1,'Mauro',24,161022,0,'Mauro'),(1,'Cristiano',25,161023,0,'Cristiano'),(1,'Mauro',25,161024,0,'Cristiano'),(1,'Cristiano',25,161025,0,'Mauro'),(1,'Mauro',25,161026,0,'Mauro'),(1,'Cristiano',26,161027,0,'Cristiano'),(1,'Mauro',26,161028,0,'Cristiano'),(1,'Cristiano',26,161029,0,'Mauro'),(1,'Mauro',26,161030,0,'Mauro'),(1,'Cristiano',27,161031,0,'Cristiano'),(1,'Mauro',27,161032,0,'Cristiano'),(1,'Cristiano',27,161033,0,'Mauro'),(1,'Mauro',27,161034,0,'Mauro'),(1,'Cristiano',28,161035,0,'Cristiano'),(1,'Mauro',28,161036,0,'Cristiano'),(1,'Cristiano',28,161037,0,'Mauro'),(1,'Mauro',28,161038,0,'Mauro'),(1,'Cristiano',29,161039,0,'Cristiano'),(1,'Mauro',29,161040,0,'Cristiano'),(1,'Cristiano',29,161041,0,'Mauro'),(1,'Mauro',29,161042,0,'Mauro'),(1,'Cristiano',30,161043,0,'Cristiano'),(1,'Mauro',30,161044,0,'Cristiano'),(1,'Cristiano',30,161045,0,'Mauro'),(1,'Mauro',30,161046,0,'Mauro'),(1,'Cristiano',31,161047,0,'Cristiano'),(1,'Mauro',31,161048,0,'Cristiano'),(1,'Cristiano',31,161049,0,'Mauro'),(1,'Mauro',31,161050,0,'Mauro'),(1,'Cristiano',32,161051,0,'Cristiano'),(1,'Mauro',32,161052,0,'Cristiano'),(1,'Cristiano',32,161053,0,'Mauro'),(1,'Mauro',32,161054,0,'Mauro'),(1,'Cristiano',33,161055,0,'Cristiano'),(1,'Mauro',33,161056,0,'Cristiano'),(1,'Cristiano',33,161057,0,'Mauro'),(1,'Mauro',33,161058,0,'Mauro'),(1,'Cristiano',35,161059,0,'Cristiano'),(1,'Mauro',35,161060,0,'Cristiano'),(1,'Cristiano',35,161061,0,'Mauro'),(1,'Mauro',35,161062,0,'Mauro'),(1,'Cristiano',36,161063,0,'Cristiano'),(1,'Mauro',36,161064,0,'Cristiano'),(1,'Cristiano',36,161065,0,'Mauro'),(1,'Mauro',36,161066,0,'Mauro'),(1,'Cristiano',37,161067,0,'Cristiano'),(1,'Mauro',37,161068,0,'Cristiano'),(1,'Cristiano',37,161069,0,'Mauro'),(1,'Mauro',37,161070,0,'Mauro'),(1,'Cristiano',38,161071,0,'Cristiano'),(1,'Mauro',38,161072,0,'Cristiano'),(1,'Cristiano',38,161073,0,'Mauro'),(1,'Mauro',38,161074,0,'Mauro'),(1,'Cristiano',39,161075,0,'Cristiano'),(1,'Mauro',39,161076,0,'Cristiano'),(1,'Cristiano',39,161077,0,'Mauro'),(1,'Mauro',39,161078,0,'Mauro'),(1,'Cristiano',40,161079,0,'Cristiano'),(1,'Mauro',40,161080,0,'Cristiano'),(1,'Cristiano',40,161081,0,'Mauro'),(1,'Mauro',40,161082,0,'Mauro'),(1,'Cristiano',41,161083,0,'Cristiano'),(1,'Mauro',41,161084,0,'Cristiano'),(1,'Cristiano',41,161085,0,'Mauro'),(1,'Mauro',41,161086,0,'Mauro'),(1,'Cristiano',42,161087,0,'Cristiano'),(1,'Mauro',42,161088,0,'Cristiano'),(1,'Cristiano',42,161089,0,'Mauro'),(1,'Mauro',42,161090,0,'Mauro'),(1,'Cristiano',43,161091,0,'Cristiano'),(1,'Mauro',43,161092,0,'Cristiano'),(1,'Cristiano',43,161093,0,'Mauro'),(1,'Mauro',43,161094,0,'Mauro'),(1,'Cristiano',44,161095,0,'Cristiano'),(1,'Mauro',44,161096,0,'Cristiano'),(1,'Cristiano',44,161097,0,'Mauro'),(1,'Mauro',44,161098,0,'Mauro');
/*!40000 ALTER TABLE `tab_enquete_item` ENABLE KEYS */;
UNLOCK TABLES;

--
-- Table structure for table `tab_enquete_result`
--

DROP TABLE IF EXISTS `tab_enquete_result`;
/*!40101 SET @saved_cs_client     = @@character_set_client */;
/*!40101 SET character_set_client = utf8 */;
CREATE TABLE `tab_enquete_result` (
  `id` int(11) NOT NULL AUTO_INCREMENT,
  `enquete_id` int(11) NOT NULL,
  `pergunta` int(11) NOT NULL,
  `resposta` int(11) DEFAULT NULL,
  PRIMARY KEY (`id`)
) ENGINE=InnoDB DEFAULT CHARSET=utf8;
/*!40101 SET character_set_client = @saved_cs_client */;

--
-- Dumping data for table `tab_enquete_result`
--

LOCK TABLES `tab_enquete_result` WRITE;
/*!40000 ALTER TABLE `tab_enquete_result` DISABLE KEYS */;
/*!40000 ALTER TABLE `tab_enquete_result` ENABLE KEYS */;
UNLOCK TABLES;

--
-- Table structure for table `tab_expertise`
--

DROP TABLE IF EXISTS `tab_expertise`;
/*!40101 SET @saved_cs_client     = @@character_set_client */;
/*!40101 SET character_set_client = utf8 */;
CREATE TABLE `tab_expertise` (
  `id` int(11) DEFAULT NULL,
  `nome` varchar(100) DEFAULT NULL,
  `descricao` varchar(200) DEFAULT NULL
) ENGINE=InnoDB DEFAULT CHARSET=utf8;
/*!40101 SET character_set_client = @saved_cs_client */;

--
-- Dumping data for table `tab_expertise`
--

LOCK TABLES `tab_expertise` WRITE;
/*!40000 ALTER TABLE `tab_expertise` DISABLE KEYS */;
INSERT INTO `tab_expertise` VALUES (1,'Novato',NULL),(2,'Aprendiz',NULL),(3,'Praticante',NULL),(4,'Profissional',NULL),(5,'Professor',NULL),(6,'Líder',NULL),(7,'Mestre',NULL),(0,'N/A',NULL);
/*!40000 ALTER TABLE `tab_expertise` ENABLE KEYS */;
UNLOCK TABLES;

--
-- Table structure for table `tab_pergunta`
--

DROP TABLE IF EXISTS `tab_pergunta`;
/*!40101 SET @saved_cs_client     = @@character_set_client */;
/*!40101 SET character_set_client = utf8 */;
CREATE TABLE `tab_pergunta` (
  `id` int(11) NOT NULL AUTO_INCREMENT,
  `nome` varchar(100) NOT NULL,
  PRIMARY KEY (`id`)
) ENGINE=InnoDB AUTO_INCREMENT=45 DEFAULT CHARSET=utf8;
/*!40101 SET character_set_client = @saved_cs_client */;

--
-- Dumping data for table `tab_pergunta`
--

LOCK TABLES `tab_pergunta` WRITE;
/*!40000 ALTER TABLE `tab_pergunta` DISABLE KEYS */;
INSERT INTO `tab_pergunta` VALUES (2,'Areas'),(3,'Ativo'),(4,'Aprovação'),(5,'Cargas'),(6,'Cheques'),(7,'Configurações'),(8,'Contrato de Trabalho'),(9,'Orçamento'),(10,'Importação'),(11,'Exportação'),(12,'Grãos'),(13,'Adicionais'),(14,'Pedidos'),(15,'Envase e Moagem'),(16,'Notas de Débito e Crédito'),(17,'Retenção de Impostos'),(18,'Folha de Pagamento'),(19,'Contrato de Grãos'),(20,'Cheques'),(21,'Transferência de Numerário'),(22,'Títulos'),(23,'Receitas e Despesas'),(24,'Conta Corrente'),(25,'Revaluo'),(26,'Depreciação'),(27,'Programação de Caixa'),(28,'Frete'),(29,'Garantias'),(30,'Limite de Crédito'),(31,'Logística (Pedidos)'),(32,'Financiamento'),(33,'Frete'),(35,'Oficina'),(36,'PDV'),(37,'Empréstimo'),(38,'Tabela de Preço'),(39,'Lotes de Produtos'),(40,'Número de Série'),(41,'Sementes'),(42,'Tabaco'),(43,'Produção Web'),(44,'BI Designer');
/*!40000 ALTER TABLE `tab_pergunta` ENABLE KEYS */;
UNLOCK TABLES;

--
-- Table structure for table `x`
--

DROP TABLE IF EXISTS `x`;
/*!40101 SET @saved_cs_client     = @@character_set_client */;
/*!40101 SET character_set_client = utf8 */;
CREATE TABLE `x` (
  `name` varchar(10) DEFAULT NULL,
  `avatar` varchar(10) DEFAULT NULL,
  `content` varchar(10) DEFAULT NULL
) ENGINE=InnoDB DEFAULT CHARSET=utf8;
/*!40101 SET character_set_client = @saved_cs_client */;

--
-- Dumping data for table `x`
--

LOCK TABLES `x` WRITE;
/*!40000 ALTER TABLE `x` DISABLE KEYS */;
INSERT INTO `x` VALUES ('Lyndon','Avatar','teste');
/*!40000 ALTER TABLE `x` ENABLE KEYS */;
UNLOCK TABLES;

--
-- Dumping routines for database 'enquete'
--
/*!50003 DROP PROCEDURE IF EXISTS `iniciar_form` */;
/*!50003 SET @saved_cs_client      = @@character_set_client */ ;
/*!50003 SET @saved_cs_results     = @@character_set_results */ ;
/*!50003 SET @saved_col_connection = @@collation_connection */ ;
/*!50003 SET character_set_client  = utf8 */ ;
/*!50003 SET character_set_results = utf8 */ ;
/*!50003 SET collation_connection  = utf8_general_ci */ ;
/*!50003 SET @saved_sql_mode       = @@sql_mode */ ;
/*!50003 SET sql_mode              = 'STRICT_TRANS_TABLES,NO_AUTO_CREATE_USER,NO_ENGINE_SUBSTITUTION' */ ;
DELIMITER ;;
CREATE DEFINER=`root`@`localhost` PROCEDURE `iniciar_form`( in i_nome varchar(100)  )
BEGIN

 -- id do modulo selecionado
 DECLARE v_id INTEGER ;
 
 DECLARE v_existe BOOLEAN DEFAULT 0;
 
 DECLARE done BOOLEAN DEFAULT 0;

 DEClARE modulo_cursor CURSOR FOR 
 
 SELECT id FROM tab_pergunta;
 
 -- declare NOT FOUND handler
 DECLARE CONTINUE HANDLER FOR SQLSTATE '02000' SET DONE=1;

 OPEN modulo_cursor;

 START TRANSACTION;

 -- limpar itens questionario
 DELETE FROM tab_enquete_item where nome like i_nome;
 
 -- loop
 REPEAT

      FETCH modulo_cursor INTO V_ID;

      INSERT INTO TAB_ENQUETE_ITEM ( ENQUETE_ID, NOME, PERGUNTA, RESPOSTA ) VALUES ( 1, I_NOME, V_ID, 0 );
  
 UNTIL DONE END REPEAT;

 COMMIT;
 
 CLOSE modulo_cursor;

END ;;
DELIMITER ;
/*!50003 SET sql_mode              = @saved_sql_mode */ ;
/*!50003 SET character_set_client  = @saved_cs_client */ ;
/*!50003 SET character_set_results = @saved_cs_results */ ;
/*!50003 SET collation_connection  = @saved_col_connection */ ;
/*!50003 DROP PROCEDURE IF EXISTS `iniciar_forms` */;
/*!50003 SET @saved_cs_client      = @@character_set_client */ ;
/*!50003 SET @saved_cs_results     = @@character_set_results */ ;
/*!50003 SET @saved_col_connection = @@collation_connection */ ;
/*!50003 SET character_set_client  = utf8 */ ;
/*!50003 SET character_set_results = utf8 */ ;
/*!50003 SET collation_connection  = utf8_general_ci */ ;
/*!50003 SET @saved_sql_mode       = @@sql_mode */ ;
/*!50003 SET sql_mode              = 'STRICT_TRANS_TABLES,NO_AUTO_CREATE_USER,NO_ENGINE_SUBSTITUTION' */ ;
DELIMITER ;;
CREATE DEFINER=`root`@`localhost` PROCEDURE `iniciar_forms`( in i_nome varchar(100)  )
BEGIN

start transaction;

/*delete from tab_enquete_item;*/

insert into tab_enquete_item 

( enquete_id, nome, pergunta, resposta, avaliado ) 

select 

 1 , d.nome , m.id , 0, a.nome from tab_desenv d cross join tab_pergunta m cross join tab_desenv a where a.time = i_nome and d.time = i_nome;

 COMMIT;

END ;;
DELIMITER ;
/*!50003 SET sql_mode              = @saved_sql_mode */ ;
/*!50003 SET character_set_client  = @saved_cs_client */ ;
/*!50003 SET character_set_results = @saved_cs_results */ ;
/*!50003 SET collation_connection  = @saved_col_connection */ ;
/*!50003 DROP PROCEDURE IF EXISTS `iniciar_form_all` */;
/*!50003 SET @saved_cs_client      = @@character_set_client */ ;
/*!50003 SET @saved_cs_results     = @@character_set_results */ ;
/*!50003 SET @saved_col_connection = @@collation_connection */ ;
/*!50003 SET character_set_client  = utf8 */ ;
/*!50003 SET character_set_results = utf8 */ ;
/*!50003 SET collation_connection  = utf8_general_ci */ ;
/*!50003 SET @saved_sql_mode       = @@sql_mode */ ;
/*!50003 SET sql_mode              = 'STRICT_TRANS_TABLES,NO_AUTO_CREATE_USER,NO_ENGINE_SUBSTITUTION' */ ;
DELIMITER ;;
CREATE DEFINER=`root`@`localhost` PROCEDURE `iniciar_form_all`()
BEGIN

 -- id do modulo selecionado
 DECLARE v_nome VARCHAR(100) ;
 
 DECLARE done BOOLEAN DEFAULT 0;

 DEClARE desenv_cursor CURSOR FOR 
 
 SELECT nome FROM tab_desenv;
 
 -- declare NOT FOUND handler
 DECLARE CONTINUE HANDLER FOR SQLSTATE '02000' SET DONE=1;

 OPEN desenv_cursor;

 -- loop
 REPEAT

      FETCH desenv_cursor INTO v_nome;

      CALL INICIAR_FORM( v_nome );
  
 UNTIL DONE END REPEAT;

 
 CLOSE desenv_cursor;

END ;;
DELIMITER ;
/*!50003 SET sql_mode              = @saved_sql_mode */ ;
/*!50003 SET character_set_client  = @saved_cs_client */ ;
/*!50003 SET character_set_results = @saved_cs_results */ ;
/*!50003 SET collation_connection  = @saved_col_connection */ ;
/*!50003 DROP PROCEDURE IF EXISTS `iniciar_script` */;
/*!50003 SET @saved_cs_client      = @@character_set_client */ ;
/*!50003 SET @saved_cs_results     = @@character_set_results */ ;
/*!50003 SET @saved_col_connection = @@collation_connection */ ;
/*!50003 SET character_set_client  = utf8 */ ;
/*!50003 SET character_set_results = utf8 */ ;
/*!50003 SET collation_connection  = utf8_general_ci */ ;
/*!50003 SET @saved_sql_mode       = @@sql_mode */ ;
/*!50003 SET sql_mode              = 'STRICT_TRANS_TABLES,NO_AUTO_CREATE_USER,NO_ENGINE_SUBSTITUTION' */ ;
DELIMITER ;;
CREATE DEFINER=`root`@`localhost` PROCEDURE `iniciar_script`()
BEGIN

delete from tab_enquete_item;
call iniciar_forms('Machado');
call iniciar_forms('Roberto');
call iniciar_forms('Produto');
call iniciar_forms('Dba');
call iniciar_forms('Gerência');

END ;;
DELIMITER ;
/*!50003 SET sql_mode              = @saved_sql_mode */ ;
/*!50003 SET character_set_client  = @saved_cs_client */ ;
/*!50003 SET character_set_results = @saved_cs_results */ ;
/*!50003 SET collation_connection  = @saved_col_connection */ ;
/*!40103 SET TIME_ZONE=@OLD_TIME_ZONE */;

/*!40101 SET SQL_MODE=@OLD_SQL_MODE */;
/*!40014 SET FOREIGN_KEY_CHECKS=@OLD_FOREIGN_KEY_CHECKS */;
/*!40014 SET UNIQUE_CHECKS=@OLD_UNIQUE_CHECKS */;
/*!40101 SET CHARACTER_SET_CLIENT=@OLD_CHARACTER_SET_CLIENT */;
/*!40101 SET CHARACTER_SET_RESULTS=@OLD_CHARACTER_SET_RESULTS */;
/*!40101 SET COLLATION_CONNECTION=@OLD_COLLATION_CONNECTION */;
/*!40111 SET SQL_NOTES=@OLD_SQL_NOTES */;

-- Dump completed on 2015-05-07 16:16:07
